scale,config,stratum,motif,n,contain,contain_sd,contain_se,faith,faith_sd,faith_se
full,full recipe,A*,r001,50,100.0,0.0,0.0,98.0,14.000000000000007,1.9798989873223336
full,full recipe,A*,r004,50,100.0,0.0,0.0,96.0,19.595917942265434,2.771281292110205
full,full recipe,A*,r005,50,100.0,0.0,0.0,94.0,23.748684174075844,3.3585711247493344
full,full recipe,A*,r007,50,90.0,30.0,4.242640687119285,96.0,19.595917942265434,2.771281292110205
full,full recipe,A*,r008,50,100.0,0.0,0.0,98.0,14.000000000000007,1.9798989873223336
full,full recipe,A*,r009,50,86.0,34.698703145794944,4.907137658554119,80.0,40.0,5.656854249492381
full,full recipe,A*,r010,50,82.0,38.4187454245971,5.43323108288245,74.0,43.86342439892262,6.203224967708329
full,full recipe,B,r011,50,94.0,23.748684174075844,3.3585711247493344,100.0,0.0,0.0
full,full recipe,B,r012,50,82.0,38.4187454245971,5.43323108288245,88.0,32.49615361854384,4.595650117230423
full,full recipe,B,r013,50,86.0,34.698703145794944,4.907137658554119,90.0,30.0,4.242640687119285
full,full recipe,B,r018,50,94.0,23.748684174075844,3.3585711247493344,96.0,19.595917942265434,2.771281292110205
full,full recipe,B,r020,50,96.0,19.595917942265434,2.771281292110205,98.0,14.000000000000007,1.9798989873223336
full,full recipe,B,r022,50,98.0,14.000000000000007,1.9798989873223336,98.0,14.000000000000007,1.9798989873223336
full,full recipe,B,r023,50,34.0,47.37087712930804,6.69925368977769,0.0,0.0,0.0
full,full recipe,B,r028,50,90.0,30.0,4.242640687119285,90.0,30.0,4.242640687119285
full,full recipe,C,r038,50,86.0,34.698703145794944,4.907137658554119,82.0,38.4187454245971,5.43323108288245
full,full recipe,C,r063,50,94.0,23.748684174075844,3.3585711247493344,92.0,27.129319932501065,3.8366652186501744
full,full recipe,C,r072,50,78.0,41.42463035441595,5.858327406350723,74.0,43.86342439892262,6.203224967708329
full,full recipe,C,r087,50,94.0,23.748684174075844,3.3585711247493344,96.0,19.595917942265434,2.771281292110205
full,full recipe,C,r103,50,100.0,0.0,0.0,98.0,14.000000000000007,1.9798989873223336
full,full recipe,C,r116,50,88.0,32.49615361854384,4.595650117230423,86.0,34.698703145794944,4.907137658554119
full,full recipe,C,r119,50,78.0,41.42463035441595,5.858327406350723,74.0,43.86342439892262,6.203224967708329
full,full recipe,C,r121,50,88.0,32.49615361854384,4.595650117230423,90.0,30.0,4.242640687119285
full,- bias,A*,r001,50,96.0,19.595917942265434,2.771281292110205,96.0,19.595917942265434,2.771281292110205
full,- bias,A*,r004,50,98.0,14.000000000000007,1.9798989873223336,92.0,27.129319932501065,3.8366652186501744
full,- bias,A*,r005,50,98.0,14.000000000000007,1.9798989873223336,98.0,14.000000000000007,1.9798989873223336
full,- bias,A*,r007,50,92.0,27.129319932501065,3.8366652186501744,90.0,30.0,4.242640687119285
full,- bias,A*,r008,50,96.0,19.595917942265434,2.771281292110205,92.0,27.129319932501065,3.8366652186501744
full,- bias,A*,r009,50,60.0,48.98979485566356,6.928203230275509,32.0,46.6476151587624,6.596969000988256
full,- bias,A*,r010,50,36.0,48.0,6.788225099390856,0.0,0.0,0.0
full,- bias,B,r011,50,70.0,45.825756949558404,6.48074069840786,54.0,49.83974317750845,7.0484040746824395
full,- bias,B,r012,50,34.0,47.37087712930804,6.69925368977769,24.0,42.708313008125245,6.0398675482166
full,- bias,B,r013,50,86.0,34.698703145794944,4.907137658554119,88.0,32.49615361854384,4.595650117230423
full,- bias,B,r018,50,90.0,30.0,4.242640687119285,98.0,14.000000000000007,1.9798989873223336
full,- bias,B,r020,50,96.0,19.595917942265434,2.771281292110205,94.0,23.748684174075844,3.3585711247493344
full,- bias,B,r022,50,32.0,46.6476151587624,6.596969000988256,30.0,45.8257569495584,6.4807406984078595
full,- bias,B,r023,50,28.000000000000004,44.8998886412873,6.3498031465550175,0.0,0.0,0.0
full,- bias,B,r028,50,84.0,36.660605559646726,5.184592558726289,76.0,42.708313008125245,6.0398675482166
full,- bias,C,r038,50,60.0,48.98979485566356,6.928203230275509,44.0,49.63869458396343,7.019971509913699
full,- bias,C,r063,50,82.0,38.4187454245971,5.43323108288245,84.0,36.660605559646726,5.184592558726289
full,- bias,C,r072,50,22.0,41.42463035441596,5.858327406350724,16.0,36.66060555964672,5.184592558726288
full,- bias,C,r087,50,84.0,36.660605559646726,5.184592558726289,88.0,32.49615361854384,4.595650117230423
full,- bias,C,r103,50,82.0,38.4187454245971,5.43323108288245,90.0,30.0,4.242640687119285
full,- bias,C,r116,50,20.0,40.0,5.656854249492381,4.0,19.595917942265423,2.7712812921102037
full,- bias,C,r119,50,54.0,49.83974317750845,7.0484040746824395,52.0,49.95998398718719,7.0654086930622775
full,- bias,C,r121,50,64.0,48.0,6.788225099390856,72.0,44.8998886412873,6.3498031465550175
full,- synthetic,A*,r001,50,96.0,19.595917942265434,2.771281292110205,100.0,0.0,0.0
full,- synthetic,A*,r004,50,100.0,0.0,0.0,96.0,19.595917942265434,2.771281292110205
full,- synthetic,A*,r005,50,96.0,19.595917942265434,2.771281292110205,96.0,19.595917942265434,2.771281292110205
full,- synthetic,A*,r007,50,92.0,27.129319932501065,3.8366652186501744,90.0,30.0,4.242640687119285
full,- synthetic,A*,r008,50,98.0,14.000000000000007,1.9798989873223336,98.0,14.000000000000007,1.9798989873223336
full,- synthetic,A*,r009,50,84.0,36.660605559646726,5.184592558726289,90.0,30.0,4.242640687119285
full,- synthetic,A*,r010,50,84.0,36.660605559646726,5.184592558726289,86.0,34.698703145794944,4.907137658554119
full,- synthetic,B,r011,50,94.0,23.748684174075844,3.3585711247493344,94.0,23.748684174075844,3.3585711247493344
full,- synthetic,B,r012,50,90.0,30.0,4.242640687119285,92.0,27.129319932501065,3.8366652186501744
full,- synthetic,B,r013,50,84.0,36.660605559646726,5.184592558726289,76.0,42.708313008125245,6.0398675482166
full,- synthetic,B,r018,50,84.0,36.660605559646726,5.184592558726289,94.0,23.748684174075844,3.3585711247493344
full,- synthetic,B,r020,50,98.0,14.000000000000007,1.9798989873223336,96.0,19.595917942265434,2.771281292110205
full,- synthetic,B,r022,50,74.0,43.86342439892262,6.203224967708329,78.0,41.42463035441595,5.858327406350723
full,- synthetic,B,r023,50,36.0,48.0,6.788225099390856,0.0,0.0,0.0
full,- synthetic,B,r028,50,86.0,34.698703145794944,4.907137658554119,90.0,30.0,4.242640687119285
full,- synthetic,C,r038,50,90.0,30.0,4.242640687119285,94.0,23.748684174075844,3.3585711247493344
full,- synthetic,C,r063,50,88.0,32.49615361854384,4.595650117230423,90.0,30.0,4.242640687119285
full,- synthetic,C,r072,50,74.0,43.86342439892262,6.203224967708329,86.0,34.698703145794944,4.907137658554119
full,- synthetic,C,r087,50,70.0,45.825756949558404,6.48074069840786,80.0,40.0,5.656854249492381
full,- synthetic,C,r103,50,84.0,36.660605559646726,5.184592558726289,74.0,43.86342439892262,6.203224967708329
full,- synthetic,C,r116,50,84.0,36.660605559646726,5.184592558726289,86.0,34.698703145794944,4.907137658554119
full,- synthetic,C,r119,50,50.0,50.0,7.0710678118654755,48.0,49.95998398718719,7.0654086930622775
full,- synthetic,C,r121,50,72.0,44.8998886412873,6.3498031465550175,76.0,42.708313008125245,6.0398675482166
full,- both,A*,r001,50,88.0,32.49615361854384,4.595650117230423,82.0,38.4187454245971,5.43323108288245
full,- both,A*,r004,50,96.0,19.595917942265434,2.771281292110205,92.0,27.129319932501065,3.8366652186501744
full,- both,A*,r005,50,96.0,19.595917942265434,2.771281292110205,90.0,30.0,4.242640687119285
full,- both,A*,r007,50,88.0,32.49615361854384,4.595650117230423,86.0,34.698703145794944,4.907137658554119
full,- both,A*,r008,50,90.0,30.0,4.242640687119285,88.0,32.49615361854384,4.595650117230423
full,- both,A*,r009,50,57.99999999999999,49.35585071701227,6.979971346646059,52.0,49.95998398718719,7.0654086930622775
full,- both,A*,r010,50,90.0,30.0,4.242640687119285,88.0,32.49615361854384,4.595650117230423
full,- both,B,r011,50,84.0,36.660605559646726,5.184592558726289,78.0,41.42463035441595,5.858327406350723
full,- both,B,r012,50,72.0,44.8998886412873,6.3498031465550175,74.0,43.86342439892262,6.203224967708329
full,- both,B,r013,50,82.0,38.4187454245971,5.43323108288245,82.0,38.4187454245971,5.43323108288245
full,- both,B,r018,50,88.0,32.49615361854384,4.595650117230423,90.0,30.0,4.242640687119285
full,- both,B,r020,50,86.0,34.698703145794944,4.907137658554119,92.0,27.129319932501065,3.8366652186501744
full,- both,B,r022,50,74.0,43.86342439892262,6.203224967708329,72.0,44.8998886412873,6.3498031465550175
full,- both,B,r023,50,44.0,49.63869458396343,7.019971509913699,0.0,0.0,0.0
full,- both,B,r028,50,82.0,38.4187454245971,5.43323108288245,84.0,36.660605559646726,5.184592558726289
full,- both,C,r038,50,62.0,48.53864439804639,6.864400920692206,50.0,50.0,7.0710678118654755
full,- both,C,r063,50,82.0,38.4187454245971,5.43323108288245,82.0,38.4187454245971,5.43323108288245
full,- both,C,r072,50,57.99999999999999,49.35585071701227,6.979971346646059,50.0,50.0,7.0710678118654755
full,- both,C,r087,50,76.0,42.708313008125245,6.0398675482166,64.0,48.0,6.788225099390856
full,- both,C,r103,50,72.0,44.8998886412873,6.3498031465550175,68.0,46.6476151587624,6.596969000988256
full,- both,C,r116,50,70.0,45.825756949558404,6.48074069840786,57.99999999999999,49.35585071701227,6.979971346646059
full,- both,C,r119,50,8.0,27.129319932501073,3.836665218650176,4.0,19.595917942265423,2.7712812921102037
full,- both,C,r121,50,74.0,43.86342439892262,6.203224967708329,74.0,43.86342439892262,6.203224967708329
10k,full recipe,A*,r001,50,90.0,30.0,4.242640687119285,96.0,19.595917942265434,2.771281292110205
10k,full recipe,A*,r004,50,96.0,19.595917942265434,2.771281292110205,96.0,19.595917942265434,2.771281292110205
10k,full recipe,A*,r005,50,98.0,14.000000000000007,1.9798989873223336,90.0,30.0,4.242640687119285
10k,full recipe,A*,r007,50,68.0,46.6476151587624,6.596969000988256,84.0,36.660605559646726,5.184592558726289
10k,full recipe,A*,r008,50,94.0,23.748684174075844,3.3585711247493344,92.0,27.129319932501065,3.8366652186501744
10k,full recipe,A*,r009,50,68.0,46.6476151587624,6.596969000988256,62.0,48.53864439804639,6.864400920692206
10k,full recipe,A*,r010,50,78.0,41.42463035441595,5.858327406350723,78.0,41.42463035441595,5.858327406350723
10k,full recipe,B,r011,50,66.0,47.37087712930804,6.69925368977769,72.0,44.8998886412873,6.3498031465550175
10k,full recipe,B,r012,50,56.00000000000001,49.63869458396342,7.019971509913697,66.0,47.37087712930804,6.69925368977769
10k,full recipe,B,r013,50,66.0,47.37087712930804,6.69925368977769,74.0,43.86342439892262,6.203224967708329
10k,full recipe,B,r018,50,66.0,47.37087712930804,6.69925368977769,74.0,43.86342439892262,6.203224967708329
10k,full recipe,B,r020,50,70.0,45.825756949558404,6.48074069840786,84.0,36.660605559646726,5.184592558726289
10k,full recipe,B,r022,50,54.0,49.83974317750845,7.0484040746824395,57.99999999999999,49.35585071701227,6.979971346646059
10k,full recipe,B,r023,50,60.0,48.98979485566356,6.928203230275509,62.0,48.53864439804639,6.864400920692206
10k,full recipe,B,r028,50,52.0,49.95998398718719,7.0654086930622775,72.0,44.8998886412873,6.3498031465550175
10k,full recipe,C,r038,50,60.0,48.98979485566356,6.928203230275509,62.0,48.53864439804639,6.864400920692206
10k,full recipe,C,r063,50,66.0,47.37087712930804,6.69925368977769,64.0,48.0,6.788225099390856
10k,full recipe,C,r072,50,40.0,48.98979485566356,6.928203230275509,32.0,46.6476151587624,6.596969000988256
10k,full recipe,C,r087,50,48.0,49.95998398718719,7.0654086930622775,54.0,49.83974317750845,7.0484040746824395
10k,full recipe,C,r103,50,68.0,46.6476151587624,6.596969000988256,52.0,49.95998398718719,7.0654086930622775
10k,full recipe,C,r116,50,50.0,50.0,7.0710678118654755,54.0,49.83974317750845,7.0484040746824395
10k,full recipe,C,r119,50,44.0,49.63869458396343,7.019971509913699,50.0,50.0,7.0710678118654755
10k,full recipe,C,r121,50,46.0,49.83974317750845,7.0484040746824395,57.99999999999999,49.35585071701227,6.979971346646059
10k,- bias,A*,r001,50,80.0,40.0,5.656854249492381,54.0,49.83974317750845,7.0484040746824395
10k,- bias,A*,r004,50,78.0,41.42463035441595,5.858327406350723,40.0,48.98979485566356,6.928203230275509
10k,- bias,A*,r005,50,82.0,38.4187454245971,5.43323108288245,72.0,44.8998886412873,6.3498031465550175
10k,- bias,A*,r007,50,78.0,41.42463035441595,5.858327406350723,46.0,49.83974317750845,7.0484040746824395
10k,- bias,A*,r008,50,72.0,44.8998886412873,6.3498031465550175,60.0,48.98979485566356,6.928203230275509
10k,- bias,A*,r009,50,52.0,49.95998398718719,7.0654086930622775,50.0,50.0,7.0710678118654755
10k,- bias,A*,r010,50,62.0,48.53864439804639,6.864400920692206,56.00000000000001,49.63869458396342,7.019971509913697
10k,- bias,B,r011,50,74.0,43.86342439892262,6.203224967708329,62.0,48.53864439804639,6.864400920692206
10k,- bias,B,r012,50,57.99999999999999,49.35585071701227,6.979971346646059,60.0,48.98979485566356,6.928203230275509
10k,- bias,B,r013,50,66.0,47.37087712930804,6.69925368977769,50.0,50.0,7.0710678118654755
10k,- bias,B,r018,50,56.00000000000001,49.63869458396342,7.019971509913697,42.0,49.35585071701227,6.979971346646059
10k,- bias,B,r020,50,76.0,42.708313008125245,6.0398675482166,74.0,43.86342439892262,6.203224967708329
10k,- bias,B,r022,50,48.0,49.95998398718719,7.0654086930622775,46.0,49.83974317750845,7.0484040746824395
10k,- bias,B,r023,50,36.0,48.0,6.788225099390856,26.0,43.86342439892262,6.203224967708329
10k,- bias,B,r028,50,30.0,45.8257569495584,6.4807406984078595,22.0,41.42463035441596,5.858327406350724
10k,- bias,C,r038,50,46.0,49.83974317750845,7.0484040746824395,46.0,49.83974317750845,7.0484040746824395
10k,- bias,C,r063,50,56.00000000000001,49.63869458396342,7.019971509913697,52.0,49.95998398718719,7.0654086930622775
10k,- bias,C,r072,50,36.0,48.0,6.788225099390856,22.0,41.42463035441596,5.858327406350724
10k,- bias,C,r087,50,46.0,49.83974317750845,7.0484040746824395,46.0,49.83974317750845,7.0484040746824395
10k,- bias,C,r103,50,44.0,49.63869458396343,7.019971509913699,24.0,42.708313008125245,6.0398675482166
10k,- bias,C,r116,50,60.0,48.98979485566356,6.928203230275509,60.0,48.98979485566356,6.928203230275509
10k,- bias,C,r119,50,20.0,40.0,5.656854249492381,8.0,27.129319932501073,3.836665218650176
10k,- bias,C,r121,50,34.0,47.37087712930804,6.69925368977769,44.0,49.63869458396343,7.019971509913699
10k,- synthetic,A*,r001,50,90.0,30.0,4.242640687119285,82.0,38.4187454245971,5.43323108288245
10k,- synthetic,A*,r004,50,82.0,38.4187454245971,5.43323108288245,38.0,48.53864439804639,6.864400920692206
10k,- synthetic,A*,r005,50,70.0,45.825756949558404,6.48074069840786,26.0,43.86342439892262,6.203224967708329
10k,- synthetic,A*,r007,50,60.0,48.98979485566356,6.928203230275509,30.0,45.8257569495584,6.4807406984078595
10k,- synthetic,A*,r008,50,74.0,43.86342439892262,6.203224967708329,36.0,48.0,6.788225099390856
10k,- synthetic,A*,r009,50,52.0,49.95998398718719,7.0654086930622775,46.0,49.83974317750845,7.0484040746824395
10k,- synthetic,A*,r010,50,40.0,48.98979485566356,6.928203230275509,14.000000000000002,34.698703145794944,4.907137658554119
10k,- synthetic,B,r011,50,34.0,47.37087712930804,6.69925368977769,18.0,38.4187454245971,5.43323108288245
10k,- synthetic,B,r012,50,26.0,43.86342439892262,6.203224967708329,2.0,13.999999999999998,1.979898987322333
10k,- synthetic,B,r013,50,46.0,49.83974317750845,7.0484040746824395,6.0,23.748684174075834,3.358571124749333
10k,- synthetic,B,r018,50,30.0,45.8257569495584,6.4807406984078595,16.0,36.66060555964672,5.184592558726288
10k,- synthetic,B,r020,50,48.0,49.95998398718719,7.0654086930622775,24.0,42.708313008125245,6.0398675482166
10k,- synthetic,B,r022,50,16.0,36.66060555964672,5.184592558726288,4.0,19.595917942265423,2.7712812921102037
10k,- synthetic,B,r023,50,28.000000000000004,44.8998886412873,6.3498031465550175,6.0,23.748684174075834,3.358571124749333
10k,- synthetic,B,r028,50,16.0,36.66060555964672,5.184592558726288,6.0,23.748684174075834,3.358571124749333
10k,- synthetic,C,r038,50,20.0,40.0,5.656854249492381,10.0,30.000000000000004,4.242640687119286
10k,- synthetic,C,r063,50,22.0,41.42463035441596,5.858327406350724,4.0,19.595917942265423,2.7712812921102037
10k,- synthetic,C,r072,50,26.0,43.86342439892262,6.203224967708329,10.0,30.000000000000004,4.242640687119286
10k,- synthetic,C,r087,50,22.0,41.42463035441596,5.858327406350724,22.0,41.42463035441596,5.858327406350724
10k,- synthetic,C,r103,50,24.0,42.708313008125245,6.0398675482166,20.0,40.0,5.656854249492381
10k,- synthetic,C,r116,50,42.0,49.35585071701227,6.979971346646059,10.0,30.000000000000004,4.242640687119286
10k,- synthetic,C,r119,50,4.0,19.595917942265423,2.7712812921102037,0.0,0.0,0.0
10k,- synthetic,C,r121,50,14.000000000000002,34.698703145794944,4.907137658554119,2.0,13.999999999999998,1.979898987322333
10k,- both,A*,r001,50,72.0,44.8998886412873,6.3498031465550175,40.0,48.98979485566356,6.928203230275509
10k,- both,A*,r004,50,57.99999999999999,49.35585071701227,6.979971346646059,20.0,40.0,5.656854249492381
10k,- both,A*,r005,50,70.0,45.825756949558404,6.48074069840786,22.0,41.42463035441596,5.858327406350724
10k,- both,A*,r007,50,60.0,48.98979485566356,6.928203230275509,14.000000000000002,34.698703145794944,4.907137658554119
10k,- both,A*,r008,50,68.0,46.6476151587624,6.596969000988256,24.0,42.708313008125245,6.0398675482166
10k,- both,A*,r009,50,46.0,49.83974317750845,7.0484040746824395,24.0,42.708313008125245,6.0398675482166
10k,- both,A*,r010,50,46.0,49.83974317750845,7.0484040746824395,4.0,19.595917942265423,2.7712812921102037
10k,- both,B,r011,50,48.0,49.95998398718719,7.0654086930622775,0.0,0.0,0.0
10k,- both,B,r012,50,24.0,42.708313008125245,6.0398675482166,0.0,0.0,0.0
10k,- both,B,r013,50,28.000000000000004,44.8998886412873,6.3498031465550175,6.0,23.748684174075834,3.358571124749333
10k,- both,B,r018,50,40.0,48.98979485566356,6.928203230275509,14.000000000000002,34.698703145794944,4.907137658554119
10k,- both,B,r020,50,50.0,50.0,7.0710678118654755,12.0,32.49615361854384,4.595650117230423
10k,- both,B,r022,50,16.0,36.66060555964672,5.184592558726288,0.0,0.0,0.0
10k,- both,B,r023,50,22.0,41.42463035441596,5.858327406350724,8.0,27.129319932501073,3.836665218650176
10k,- both,B,r028,50,24.0,42.708313008125245,6.0398675482166,2.0,13.999999999999998,1.979898987322333
10k,- both,C,r038,50,20.0,40.0,5.656854249492381,4.0,19.595917942265423,2.7712812921102037
10k,- both,C,r063,50,26.0,43.86342439892262,6.203224967708329,8.0,27.129319932501073,3.836665218650176
10k,- both,C,r072,50,24.0,42.708313008125245,6.0398675482166,8.0,27.129319932501073,3.836665218650176
10k,- both,C,r087,50,40.0,48.98979485566356,6.928203230275509,18.0,38.4187454245971,5.43323108288245
10k,- both,C,r103,50,40.0,48.98979485566356,6.928203230275509,8.0,27.129319932501073,3.836665218650176
10k,- both,C,r116,50,32.0,46.6476151587624,6.596969000988256,10.0,30.000000000000004,4.242640687119286
10k,- both,C,r119,50,12.0,32.49615361854384,4.595650117230423,0.0,0.0,0.0
10k,- both,C,r121,50,8.0,27.129319932501073,3.836665218650176,2.0,13.999999999999998,1.979898987322333
1k,full recipe,A*,r001,50,94.0,23.748684174075844,3.3585711247493344,74.0,43.86342439892262,6.203224967708329
1k,full recipe,A*,r004,50,62.0,48.53864439804639,6.864400920692206,20.0,40.0,5.656854249492381
1k,full recipe,A*,r005,50,62.0,48.53864439804639,6.864400920692206,12.0,32.49615361854384,4.595650117230423
1k,full recipe,A*,r007,50,57.99999999999999,49.35585071701227,6.979971346646059,10.0,30.000000000000004,4.242640687119286
1k,full recipe,A*,r008,50,60.0,48.98979485566356,6.928203230275509,18.0,38.4187454245971,5.43323108288245
1k,full recipe,A*,r009,50,28.000000000000004,44.8998886412873,6.3498031465550175,2.0,13.999999999999998,1.979898987322333
1k,full recipe,A*,r010,50,64.0,48.0,6.788225099390856,6.0,23.748684174075834,3.358571124749333
1k,full recipe,B,r011,50,20.0,40.0,5.656854249492381,4.0,19.595917942265423,2.7712812921102037
1k,full recipe,B,r012,50,34.0,47.37087712930804,6.69925368977769,4.0,19.595917942265423,2.7712812921102037
1k,full recipe,B,r013,50,52.0,49.95998398718719,7.0654086930622775,0.0,0.0,0.0
1k,full recipe,B,r018,50,20.0,40.0,5.656854249492381,0.0,0.0,0.0
1k,full recipe,B,r020,50,40.0,48.98979485566356,6.928203230275509,4.0,19.595917942265423,2.7712812921102037
1k,full recipe,B,r022,50,22.0,41.42463035441596,5.858327406350724,2.0,13.999999999999998,1.979898987322333
1k,full recipe,B,r023,50,20.0,40.0,5.656854249492381,2.0,13.999999999999998,1.979898987322333
1k,full recipe,B,r028,50,8.0,27.129319932501073,3.836665218650176,0.0,0.0,0.0
1k,full recipe,C,r038,50,24.0,42.708313008125245,6.0398675482166,0.0,0.0,0.0
1k,full recipe,C,r063,50,14.000000000000002,34.698703145794944,4.907137658554119,4.0,19.595917942265423,2.7712812921102037
1k,full recipe,C,r072,50,8.0,27.129319932501073,3.836665218650176,0.0,0.0,0.0
1k,full recipe,C,r087,50,16.0,36.66060555964672,5.184592558726288,2.0,13.999999999999998,1.979898987322333
1k,full recipe,C,r103,50,2.0,13.999999999999998,1.979898987322333,2.0,13.999999999999998,1.979898987322333
1k,full recipe,C,r116,50,22.0,41.42463035441596,5.858327406350724,10.0,30.000000000000004,4.242640687119286
1k,full recipe,C,r119,50,12.0,32.49615361854384,4.595650117230423,2.0,13.999999999999998,1.979898987322333
1k,full recipe,C,r121,50,2.0,13.999999999999998,1.979898987322333,0.0,0.0,0.0
1k,- bias,A*,r001,50,88.0,32.49615361854384,4.595650117230423,44.0,49.63869458396343,7.019971509913699
1k,- bias,A*,r004,50,60.0,48.98979485566356,6.928203230275509,18.0,38.4187454245971,5.43323108288245
1k,- bias,A*,r005,50,62.0,48.53864439804639,6.864400920692206,10.0,30.000000000000004,4.242640687119286
1k,- bias,A*,r007,50,50.0,50.0,7.0710678118654755,6.0,23.748684174075834,3.358571124749333
1k,- bias,A*,r008,50,54.0,49.83974317750845,7.0484040746824395,10.0,30.000000000000004,4.242640687119286
1k,- bias,A*,r009,50,28.000000000000004,44.8998886412873,6.3498031465550175,2.0,13.999999999999998,1.979898987322333
1k,- bias,A*,r010,50,50.0,50.0,7.0710678118654755,0.0,0.0,0.0
1k,- bias,B,r011,50,28.000000000000004,44.8998886412873,6.3498031465550175,4.0,19.595917942265423,2.7712812921102037
1k,- bias,B,r012,50,22.0,41.42463035441596,5.858327406350724,4.0,19.595917942265423,2.7712812921102037
1k,- bias,B,r013,50,57.99999999999999,49.35585071701227,6.979971346646059,8.0,27.129319932501073,3.836665218650176
1k,- bias,B,r018,50,30.0,45.8257569495584,6.4807406984078595,8.0,27.129319932501073,3.836665218650176
1k,- bias,B,r020,50,42.0,49.35585071701227,6.979971346646059,6.0,23.748684174075834,3.358571124749333
1k,- bias,B,r022,50,26.0,43.86342439892262,6.203224967708329,0.0,0.0,0.0
1k,- bias,B,r023,50,40.0,48.98979485566356,6.928203230275509,2.0,13.999999999999998,1.979898987322333
1k,- bias,B,r028,50,12.0,32.49615361854384,4.595650117230423,4.0,19.595917942265423,2.7712812921102037
1k,- bias,C,r038,50,24.0,42.708313008125245,6.0398675482166,0.0,0.0,0.0
1k,- bias,C,r063,50,20.0,40.0,5.656854249492381,6.0,23.748684174075834,3.358571124749333
1k,- bias,C,r072,50,10.0,30.000000000000004,4.242640687119286,0.0,0.0,0.0
1k,- bias,C,r087,50,16.0,36.66060555964672,5.184592558726288,0.0,0.0,0.0
1k,- bias,C,r103,50,4.0,19.595917942265423,2.7712812921102037,4.0,19.595917942265423,2.7712812921102037
1k,- bias,C,r116,50,24.0,42.708313008125245,6.0398675482166,4.0,19.595917942265423,2.7712812921102037
1k,- bias,C,r119,50,4.0,19.595917942265423,2.7712812921102037,0.0,0.0,0.0
1k,- bias,C,r121,50,12.0,32.49615361854384,4.595650117230423,2.0,13.999999999999998,1.979898987322333
1k,- synthetic,A*,r001,50,88.0,32.49615361854384,4.595650117230423,38.0,48.53864439804639,6.864400920692206
1k,- synthetic,A*,r004,50,72.0,44.8998886412873,6.3498031465550175,30.0,45.8257569495584,6.4807406984078595
1k,- synthetic,A*,r005,50,70.0,45.825756949558404,6.48074069840786,16.0,36.66060555964672,5.184592558726288
1k,- synthetic,A*,r007,50,50.0,50.0,7.0710678118654755,6.0,23.748684174075834,3.358571124749333
1k,- synthetic,A*,r008,50,52.0,49.95998398718719,7.0654086930622775,18.0,38.4187454245971,5.43323108288245
1k,- synthetic,A*,r009,50,22.0,41.42463035441596,5.858327406350724,0.0,0.0,0.0
1k,- synthetic,A*,r010,50,60.0,48.98979485566356,6.928203230275509,6.0,23.748684174075834,3.358571124749333
1k,- synthetic,B,r011,50,22.0,41.42463035441596,5.858327406350724,2.0,13.999999999999998,1.979898987322333
1k,- synthetic,B,r012,50,26.0,43.86342439892262,6.203224967708329,2.0,13.999999999999998,1.979898987322333
1k,- synthetic,B,r013,50,52.0,49.95998398718719,7.0654086930622775,0.0,0.0,0.0
1k,- synthetic,B,r018,50,22.0,41.42463035441596,5.858327406350724,4.0,19.595917942265423,2.7712812921102037
1k,- synthetic,B,r020,50,46.0,49.83974317750845,7.0484040746824395,12.0,32.49615361854384,4.595650117230423
1k,- synthetic,B,r022,50,20.0,40.0,5.656854249492381,4.0,19.595917942265423,2.7712812921102037
1k,- synthetic,B,r023,50,22.0,41.42463035441596,5.858327406350724,2.0,13.999999999999998,1.979898987322333
1k,- synthetic,B,r028,50,10.0,30.000000000000004,4.242640687119286,0.0,0.0,0.0
1k,- synthetic,C,r038,50,20.0,40.0,5.656854249492381,0.0,0.0,0.0
1k,- synthetic,C,r063,50,10.0,30.000000000000004,4.242640687119286,0.0,0.0,0.0
1k,- synthetic,C,r072,50,6.0,23.748684174075834,3.358571124749333,2.0,13.999999999999998,1.979898987322333
1k,- synthetic,C,r087,50,4.0,19.595917942265423,2.7712812921102037,0.0,0.0,0.0
1k,- synthetic,C,r103,50,14.000000000000002,34.698703145794944,4.907137658554119,2.0,13.999999999999998,1.979898987322333
1k,- synthetic,C,r116,50,8.0,27.129319932501073,3.836665218650176,4.0,19.595917942265423,2.7712812921102037
1k,- synthetic,C,r119,50,4.0,19.595917942265423,2.7712812921102037,0.0,0.0,0.0
1k,- synthetic,C,r121,50,4.0,19.595917942265423,2.7712812921102037,0.0,0.0,0.0
1k,- both,A*,r001,50,80.0,40.0,5.656854249492381,34.0,47.37087712930804,6.69925368977769
1k,- both,A*,r004,50,64.0,48.0,6.788225099390856,10.0,30.000000000000004,4.242640687119286
1k,- both,A*,r005,50,72.0,44.8998886412873,6.3498031465550175,8.0,27.129319932501073,3.836665218650176
1k,- both,A*,r007,50,54.0,49.83974317750845,7.0484040746824395,8.0,27.129319932501073,3.836665218650176
1k,- both,A*,r008,50,48.0,49.95998398718719,7.0654086930622775,14.000000000000002,34.698703145794944,4.907137658554119
1k,- both,A*,r009,50,22.0,41.42463035441596,5.858327406350724,2.0,13.999999999999998,1.979898987322333
1k,- both,A*,r010,50,38.0,48.53864439804639,6.864400920692206,0.0,0.0,0.0
1k,- both,B,r012,50,32.0,46.6476151587624,6.596969000988256,4.0,19.595917942265423,2.7712812921102037
1k,- both,B,r013,50,40.0,48.98979485566356,6.928203230275509,2.0,13.999999999999998,1.979898987322333
1k,- both,B,r018,50,24.0,42.708313008125245,6.0398675482166,2.0,13.999999999999998,1.979898987322333
1k,- both,B,r020,50,52.0,49.95998398718719,7.0654086930622775,8.0,27.129319932501073,3.836665218650176
1k,- both,B,r022,50,6.0,23.748684174075834,3.358571124749333,2.0,13.999999999999998,1.979898987322333
1k,- both,B,r023,50,20.0,40.0,5.656854249492381,4.0,19.595917942265423,2.7712812921102037
1k,- both,B,r028,50,18.0,38.4187454245971,5.43323108288245,0.0,0.0,0.0
1k,- both,C,r038,50,20.0,40.0,5.656854249492381,2.0,13.999999999999998,1.979898987322333
1k,- both,C,r063,50,10.0,30.000000000000004,4.242640687119286,2.0,13.999999999999998,1.979898987322333
1k,- both,C,r072,50,16.0,36.66060555964672,5.184592558726288,0.0,0.0,0.0
1k,- both,C,r087,50,10.0,30.000000000000004,4.242640687119286,0.0,0.0,0.0
1k,- both,C,r103,50,10.0,30.000000000000004,4.242640687119286,0.0,0.0,0.0
1k,- both,C,r116,50,10.0,30.000000000000004,4.242640687119286,0.0,0.0,0.0
1k,- both,C,r119,50,2.0,13.999999999999998,1.979898987322333,0.0,0.0,0.0
1k,- both,C,r121,50,4.0,19.595917942265423,2.7712812921102037,0.0,0.0,0.0
