<?xml version='1.0' encoding='utf-8'?>
<!DOCTYPE score-partwise PUBLIC "-//Recordare//DTD MusicXML 3.0 Partwise//EN" "http://www.musicxml.org/dtds/partwise.dtd">
<score-partwise>
  <identification>
    <encoding>
      <encoder>abc2xml version 245</encoder>
      <encoding-date>2025-10-03</encoding-date>
    </encoding>
  </identification>
  <part-list>
    <score-part id="P1">
      <part-name>violn</part-name>
    </score-part>
    <score-part id="P2">
      <part-name>violn</part-name>
    </score-part>
    <score-part id="P3">
      <part-name>cello</part-name>
    </score-part>
    <score-part id="P4">
      <part-name>organ</part-name>
    </score-part>
  </part-list>
  <part id="P1">
    <measure number="1">
      <attributes>
        <divisions>120</divisions>
        <key>
          <fifths>-1</fifths>
          <mode>minor</mode>
        </key>
        <time>
          <beats>3</beats>
          <beat-type>4</beat-type>
        </time>
        <clef>
          <sign>G</sign>
          <line>2</line>
        </clef>
      </attributes>
      <note>
        <pitch>
          <step>F</step>
          <octave>5</octave>
        </pitch>
        <duration>120</duration>
        <voice>1</voice>
        <type>quarter</type>
      </note>
      <note>
        <pitch>
          <step>G</step>
          <octave>5</octave>
        </pitch>
        <duration>120</duration>
        <voice>1</voice>
        <type>quarter</type>
      </note>
      <note>
        <pitch>
          <step>A</step>
          <octave>5</octave>
        </pitch>
        <duration>120</duration>
        <voice>1</voice>
        <type>quarter</type>
      </note>
    </measure>
    <measure number="2">
      <note>
        <pitch>
          <step>B</step>
          <alter>-1</alter>
          <octave>5</octave>
        </pitch>
        <duration>240</duration>
        <voice>1</voice>
        <type>half</type>
      </note>
      <note>
        <pitch>
          <step>A</step>
          <octave>5</octave>
        </pitch>
        <duration>120</duration>
        <voice>1</voice>
        <type>quarter</type>
      </note>
    </measure>
    <measure number="3">
      <note>
        <pitch>
          <step>G</step>
          <octave>5</octave>
        </pitch>
        <duration>240</duration>
        <voice>1</voice>
        <type>half</type>
      </note>
      <note>
        <pitch>
          <step>F</step>
          <octave>5</octave>
        </pitch>
        <duration>120</duration>
        <voice>1</voice>
        <type>quarter</type>
      </note>
    </measure>
    <measure number="4">
      <note>
        <pitch>
          <step>E</step>
          <alter>-1</alter>
          <octave>5</octave>
        </pitch>
        <duration>240</duration>
        <voice>1</voice>
        <type>half</type>
        <accidental>flat</accidental>
      </note>
      <note>
        <pitch>
          <step>D</step>
          <octave>5</octave>
        </pitch>
        <duration>120</duration>
        <voice>1</voice>
        <type>quarter</type>
      </note>
    </measure>
    <measure number="5">
      <note>
        <pitch>
          <step>C</step>
          <octave>5</octave>
        </pitch>
        <duration>120</duration>
        <voice>1</voice>
        <type>quarter</type>
      </note>
      <note>
        <pitch>
          <step>D</step>
          <octave>5</octave>
        </pitch>
        <duration>120</duration>
        <voice>1</voice>
        <type>quarter</type>
      </note>
      <note>
        <pitch>
          <step>E</step>
          <alter>-1</alter>
          <octave>5</octave>
        </pitch>
        <duration>120</duration>
        <tie type="start" />
        <voice>1</voice>
        <type>quarter</type>
        <accidental>flat</accidental>
        <notations>
          <tied type="start" />
        </notations>
      </note>
    </measure>
    <measure number="6">
      <note>
        <pitch>
          <step>E</step>
          <alter>-1</alter>
          <octave>5</octave>
        </pitch>
        <duration>120</duration>
        <tie type="stop" />
        <voice>1</voice>
        <type>quarter</type>
        <notations>
          <tied type="stop" />
        </notations>
      </note>
      <note>
        <pitch>
          <step>D</step>
          <octave>5</octave>
        </pitch>
        <duration>120</duration>
        <voice>1</voice>
        <type>quarter</type>
      </note>
      <note>
        <pitch>
          <step>C</step>
          <octave>5</octave>
        </pitch>
        <duration>120</duration>
        <voice>1</voice>
        <type>quarter</type>
      </note>
    </measure>
    <measure number="7">
      <note>
        <pitch>
          <step>B</step>
          <alter>-1</alter>
          <octave>4</octave>
        </pitch>
        <duration>240</duration>
        <voice>1</voice>
        <type>half</type>
      </note>
      <note>
        <pitch>
          <step>C</step>
          <octave>5</octave>
        </pitch>
        <duration>60</duration>
        <voice>1</voice>
        <type>eighth</type>
        <beam number="1">begin</beam>
      </note>
      <note>
        <pitch>
          <step>B</step>
          <alter>-1</alter>
          <octave>4</octave>
        </pitch>
        <duration>60</duration>
        <voice>1</voice>
        <type>eighth</type>
        <beam number="1">end</beam>
      </note>
    </measure>
    <measure number="8">
      <note>
        <pitch>
          <step>A</step>
          <octave>4</octave>
        </pitch>
        <duration>240</duration>
        <voice>1</voice>
        <type>half</type>
      </note>
      <note>
        <pitch>
          <step>D</step>
          <octave>5</octave>
        </pitch>
        <duration>120</duration>
        <tie type="start" />
        <voice>1</voice>
        <type>quarter</type>
        <notations>
          <tied type="start" />
        </notations>
      </note>
    </measure>
    <measure number="9">
      <note>
        <pitch>
          <step>D</step>
          <octave>5</octave>
        </pitch>
        <duration>120</duration>
        <tie type="stop" />
        <voice>1</voice>
        <type>quarter</type>
        <notations>
          <tied type="stop" />
        </notations>
      </note>
      <note>
        <pitch>
          <step>C</step>
          <octave>5</octave>
        </pitch>
        <duration>240</duration>
        <voice>1</voice>
        <type>half</type>
      </note>
    </measure>
    <measure number="10">
      <note>
        <pitch>
          <step>B</step>
          <alter>-1</alter>
          <octave>4</octave>
        </pitch>
        <duration>240</duration>
        <voice>1</voice>
        <type>half</type>
      </note>
      <note>
        <pitch>
          <step>D</step>
          <octave>5</octave>
        </pitch>
        <duration>120</duration>
        <tie type="start" />
        <voice>1</voice>
        <type>quarter</type>
        <notations>
          <tied type="start" />
        </notations>
      </note>
    </measure>
    <measure number="11">
      <note>
        <pitch>
          <step>D</step>
          <octave>5</octave>
        </pitch>
        <duration>120</duration>
        <tie type="stop" />
        <voice>1</voice>
        <type>quarter</type>
        <notations>
          <tied type="stop" />
        </notations>
      </note>
      <note>
        <pitch>
          <step>C</step>
          <alter>1</alter>
          <octave>5</octave>
        </pitch>
        <duration>240</duration>
        <voice>1</voice>
        <type>half</type>
        <accidental>sharp</accidental>
      </note>
    </measure>
    <measure number="12">
      <note>
        <pitch>
          <step>D</step>
          <octave>5</octave>
        </pitch>
        <duration>240</duration>
        <voice>1</voice>
        <type>half</type>
      </note>
      <note>
        <pitch>
          <step>F</step>
          <octave>5</octave>
        </pitch>
        <duration>120</duration>
        <tie type="start" />
        <voice>1</voice>
        <type>quarter</type>
        <notations>
          <tied type="start" />
        </notations>
      </note>
    </measure>
    <measure number="13">
      <note>
        <pitch>
          <step>F</step>
          <octave>5</octave>
        </pitch>
        <duration>120</duration>
        <tie type="stop" />
        <voice>1</voice>
        <type>quarter</type>
        <notations>
          <tied type="stop" />
        </notations>
      </note>
      <note>
        <pitch>
          <step>E</step>
          <octave>5</octave>
        </pitch>
        <duration>240</duration>
        <voice>1</voice>
        <type>half</type>
      </note>
    </measure>
    <measure number="14">
      <note>
        <pitch>
          <step>F</step>
          <octave>5</octave>
        </pitch>
        <duration>240</duration>
        <voice>1</voice>
        <type>half</type>
      </note>
      <note>
        <pitch>
          <step>A</step>
          <octave>5</octave>
        </pitch>
        <duration>120</duration>
        <voice>1</voice>
        <type>quarter</type>
      </note>
    </measure>
    <measure number="15">
      <note>
        <pitch>
          <step>G</step>
          <octave>5</octave>
        </pitch>
        <duration>240</duration>
        <voice>1</voice>
        <type>half</type>
      </note>
      <note>
        <pitch>
          <step>C</step>
          <octave>6</octave>
        </pitch>
        <duration>120</duration>
        <voice>1</voice>
        <type>quarter</type>
      </note>
    </measure>
    <measure number="16">
      <note>
        <pitch>
          <step>F</step>
          <octave>5</octave>
        </pitch>
        <duration>240</duration>
        <voice>1</voice>
        <type>half</type>
      </note>
      <note>
        <pitch>
          <step>B</step>
          <alter>-1</alter>
          <octave>5</octave>
        </pitch>
        <duration>120</duration>
        <voice>1</voice>
        <type>quarter</type>
      </note>
    </measure>
    <measure number="17">
      <note>
        <pitch>
          <step>B</step>
          <alter>-1</alter>
          <octave>5</octave>
        </pitch>
        <duration>120</duration>
        <voice>1</voice>
        <type>quarter</type>
      </note>
      <note>
        <pitch>
          <step>A</step>
          <octave>5</octave>
        </pitch>
        <duration>240</duration>
        <voice>1</voice>
        <type>half</type>
      </note>
    </measure>
    <measure number="18">
      <note>
        <pitch>
          <step>B</step>
          <alter>-1</alter>
          <octave>5</octave>
        </pitch>
        <duration>240</duration>
        <voice>1</voice>
        <type>half</type>
      </note>
      <note>
        <pitch>
          <step>D</step>
          <octave>5</octave>
        </pitch>
        <duration>120</duration>
        <tie type="start" />
        <voice>1</voice>
        <type>quarter</type>
        <notations>
          <tied type="start" />
        </notations>
      </note>
    </measure>
    <measure number="19">
      <note>
        <pitch>
          <step>D</step>
          <octave>5</octave>
        </pitch>
        <duration>120</duration>
        <tie type="stop" />
        <voice>1</voice>
        <type>quarter</type>
        <notations>
          <tied type="stop" />
        </notations>
      </note>
      <note>
        <pitch>
          <step>C</step>
          <octave>5</octave>
        </pitch>
        <duration>240</duration>
        <voice>1</voice>
        <type>half</type>
      </note>
    </measure>
    <measure number="20">
      <note>
        <pitch>
          <step>D</step>
          <octave>5</octave>
        </pitch>
        <duration>240</duration>
        <voice>1</voice>
        <type>half</type>
      </note>
      <note>
        <pitch>
          <step>F</step>
          <octave>5</octave>
        </pitch>
        <duration>120</duration>
        <tie type="start" />
        <voice>1</voice>
        <type>quarter</type>
        <notations>
          <tied type="start" />
        </notations>
      </note>
    </measure>
    <measure number="21">
      <note>
        <pitch>
          <step>F</step>
          <octave>5</octave>
        </pitch>
        <duration>120</duration>
        <tie type="stop" />
        <voice>1</voice>
        <type>quarter</type>
        <notations>
          <tied type="stop" />
        </notations>
      </note>
      <note>
        <pitch>
          <step>E</step>
          <alter>-1</alter>
          <octave>5</octave>
        </pitch>
        <duration>240</duration>
        <voice>1</voice>
        <type>half</type>
        <accidental>flat</accidental>
      </note>
    </measure>
    <measure number="22">
      <note>
        <pitch>
          <step>D</step>
          <octave>5</octave>
        </pitch>
        <duration>240</duration>
        <voice>1</voice>
        <type>half</type>
      </note>
      <note>
        <pitch>
          <step>F</step>
          <octave>5</octave>
        </pitch>
        <duration>120</duration>
        <tie type="start" />
        <voice>1</voice>
        <type>quarter</type>
        <notations>
          <tied type="start" />
        </notations>
      </note>
    </measure>
    <measure number="23">
      <note>
        <pitch>
          <step>F</step>
          <octave>5</octave>
        </pitch>
        <duration>120</duration>
        <tie type="stop" />
        <voice>1</voice>
        <type>quarter</type>
        <notations>
          <tied type="stop" />
        </notations>
      </note>
      <note>
        <pitch>
          <step>E</step>
          <octave>5</octave>
        </pitch>
        <duration>240</duration>
        <voice>1</voice>
        <type>half</type>
      </note>
    </measure>
    <measure number="24">
      <note>
        <pitch>
          <step>F</step>
          <octave>5</octave>
        </pitch>
        <duration>240</duration>
        <voice>1</voice>
        <type>half</type>
      </note>
      <note>
        <pitch>
          <step>F</step>
          <octave>5</octave>
        </pitch>
        <duration>120</duration>
        <tie type="start" />
        <voice>1</voice>
        <type>quarter</type>
        <notations>
          <tied type="start" />
        </notations>
      </note>
    </measure>
    <measure number="25">
      <note>
        <pitch>
          <step>F</step>
          <octave>5</octave>
        </pitch>
        <duration>120</duration>
        <tie type="stop" />
        <voice>1</voice>
        <type>quarter</type>
        <notations>
          <tied type="stop" />
        </notations>
      </note>
      <note>
        <pitch>
          <step>E</step>
          <alter>-1</alter>
          <octave>5</octave>
        </pitch>
        <duration>240</duration>
        <tie type="start" />
        <voice>1</voice>
        <type>half</type>
        <accidental>flat</accidental>
        <notations>
          <tied type="start" />
        </notations>
      </note>
    </measure>
    <measure number="26">
      <note>
        <pitch>
          <step>E</step>
          <alter>-1</alter>
          <octave>5</octave>
        </pitch>
        <duration>120</duration>
        <tie type="stop" />
        <voice>1</voice>
        <type>quarter</type>
        <notations>
          <tied type="stop" />
        </notations>
      </note>
      <note>
        <pitch>
          <step>D</step>
          <octave>5</octave>
        </pitch>
        <duration>120</duration>
        <voice>1</voice>
        <type>quarter</type>
      </note>
      <note>
        <pitch>
          <step>C</step>
          <octave>5</octave>
        </pitch>
        <duration>120</duration>
        <voice>1</voice>
        <type>quarter</type>
      </note>
    </measure>
    <measure number="27">
      <note>
        <pitch>
          <step>D</step>
          <octave>5</octave>
        </pitch>
        <duration>120</duration>
        <voice>1</voice>
        <type>quarter</type>
      </note>
      <note>
        <pitch>
          <step>C</step>
          <octave>5</octave>
        </pitch>
        <duration>240</duration>
        <voice>1</voice>
        <type>half</type>
      </note>
    </measure>
    <measure number="28">
      <note>
        <pitch>
          <step>B</step>
          <alter>-1</alter>
          <octave>4</octave>
        </pitch>
        <duration>240</duration>
        <voice>1</voice>
        <type>half</type>
      </note>
      <note>
        <rest />
        <duration>120</duration>
        <voice>1</voice>
        <type>quarter</type>
      </note>
      <barline location="right">
        <bar-style>light-heavy</bar-style>
        <repeat direction="backward" />
      </barline>
    </measure>
    <measure number="29">
      <attributes>
        <time>
          <beats>4</beats>
          <beat-type>4</beat-type>
        </time>
      </attributes>
      <note>
        <pitch>
          <step>B</step>
          <alter>-1</alter>
          <octave>5</octave>
        </pitch>
        <duration>240</duration>
        <voice>1</voice>
        <type>half</type>
      </note>
      <note>
        <pitch>
          <step>A</step>
          <octave>5</octave>
        </pitch>
        <duration>240</duration>
        <voice>1</voice>
        <type>half</type>
      </note>
      <barline location="right">
        <bar-style>light-heavy</bar-style>
      </barline>
    </measure>
  </part>
  <part id="P2">
    <measure number="1">
      <attributes>
        <divisions>120</divisions>
        <key>
          <fifths>-1</fifths>
          <mode>minor</mode>
        </key>
        <time>
          <beats>3</beats>
          <beat-type>4</beat-type>
        </time>
        <clef>
          <sign>G</sign>
          <line>2</line>
        </clef>
      </attributes>
      <note>
        <rest measure="yes" />
        <duration>360</duration>
        <voice>1</voice>
      </note>
    </measure>
    <measure number="2">
      <note>
        <pitch>
          <step>D</step>
          <octave>5</octave>
        </pitch>
        <duration>120</duration>
        <voice>1</voice>
        <type>quarter</type>
      </note>
      <note>
        <pitch>
          <step>E</step>
          <octave>5</octave>
        </pitch>
        <duration>120</duration>
        <voice>1</voice>
        <type>quarter</type>
      </note>
      <note>
        <pitch>
          <step>F</step>
          <octave>5</octave>
        </pitch>
        <duration>120</duration>
        <voice>1</voice>
        <type>quarter</type>
      </note>
    </measure>
    <measure number="3">
      <note>
        <pitch>
          <step>B</step>
          <alter>-1</alter>
          <octave>4</octave>
        </pitch>
        <duration>120</duration>
        <voice>1</voice>
        <type>quarter</type>
      </note>
      <note>
        <pitch>
          <step>C</step>
          <octave>5</octave>
        </pitch>
        <duration>120</duration>
        <voice>1</voice>
        <type>quarter</type>
      </note>
      <note>
        <pitch>
          <step>D</step>
          <octave>5</octave>
        </pitch>
        <duration>120</duration>
        <voice>1</voice>
        <type>quarter</type>
      </note>
    </measure>
    <measure number="4">
      <note>
        <pitch>
          <step>G</step>
          <octave>4</octave>
        </pitch>
        <duration>120</duration>
        <voice>1</voice>
        <type>quarter</type>
      </note>
      <note>
        <pitch>
          <step>A</step>
          <octave>4</octave>
        </pitch>
        <duration>120</duration>
        <voice>1</voice>
        <type>quarter</type>
      </note>
      <note>
        <pitch>
          <step>B</step>
          <alter>-1</alter>
          <octave>4</octave>
        </pitch>
        <duration>120</duration>
        <voice>1</voice>
        <type>quarter</type>
      </note>
    </measure>
    <measure number="5">
      <note>
        <pitch>
          <step>A</step>
          <octave>4</octave>
        </pitch>
        <duration>120</duration>
        <voice>1</voice>
        <type>quarter</type>
      </note>
      <note>
        <pitch>
          <step>B</step>
          <alter>-1</alter>
          <octave>4</octave>
        </pitch>
        <duration>120</duration>
        <voice>1</voice>
        <type>quarter</type>
      </note>
      <note>
        <pitch>
          <step>C</step>
          <octave>5</octave>
        </pitch>
        <duration>120</duration>
        <tie type="start" />
        <voice>1</voice>
        <type>quarter</type>
        <notations>
          <tied type="start" />
        </notations>
      </note>
    </measure>
    <measure number="6">
      <note>
        <pitch>
          <step>C</step>
          <octave>5</octave>
        </pitch>
        <duration>120</duration>
        <tie type="stop" />
        <voice>1</voice>
        <type>quarter</type>
        <notations>
          <tied type="stop" />
        </notations>
      </note>
      <note>
        <pitch>
          <step>B</step>
          <alter>-1</alter>
          <octave>4</octave>
        </pitch>
        <duration>120</duration>
        <voice>1</voice>
        <type>quarter</type>
      </note>
      <note>
        <pitch>
          <step>A</step>
          <octave>4</octave>
        </pitch>
        <duration>120</duration>
        <tie type="start" />
        <voice>1</voice>
        <type>quarter</type>
        <notations>
          <tied type="start" />
        </notations>
      </note>
    </measure>
    <measure number="7">
      <note>
        <pitch>
          <step>A</step>
          <octave>4</octave>
        </pitch>
        <duration>120</duration>
        <tie type="stop" />
        <voice>1</voice>
        <type>quarter</type>
        <notations>
          <tied type="stop" />
        </notations>
      </note>
      <note>
        <pitch>
          <step>G</step>
          <octave>4</octave>
        </pitch>
        <duration>120</duration>
        <voice>1</voice>
        <type>quarter</type>
      </note>
      <note>
        <pitch>
          <step>A</step>
          <octave>4</octave>
        </pitch>
        <duration>60</duration>
        <voice>1</voice>
        <type>eighth</type>
        <beam number="1">begin</beam>
      </note>
      <note>
        <pitch>
          <step>G</step>
          <octave>4</octave>
        </pitch>
        <duration>60</duration>
        <voice>1</voice>
        <type>eighth</type>
        <beam number="1">end</beam>
      </note>
    </measure>
    <measure number="8">
      <note>
        <pitch>
          <step>F</step>
          <alter>1</alter>
          <octave>4</octave>
        </pitch>
        <duration>240</duration>
        <voice>1</voice>
        <type>half</type>
        <accidental>sharp</accidental>
      </note>
      <note>
        <pitch>
          <step>G</step>
          <octave>4</octave>
        </pitch>
        <duration>120</duration>
        <tie type="start" />
        <voice>1</voice>
        <type>quarter</type>
        <notations>
          <tied type="start" />
        </notations>
      </note>
    </measure>
    <measure number="9">
      <note>
        <pitch>
          <step>G</step>
          <octave>4</octave>
        </pitch>
        <duration>120</duration>
        <tie type="stop" />
        <voice>1</voice>
        <type>quarter</type>
        <notations>
          <tied type="stop" />
        </notations>
      </note>
      <note>
        <pitch>
          <step>A</step>
          <octave>4</octave>
        </pitch>
        <duration>240</duration>
        <voice>1</voice>
        <type>half</type>
      </note>
    </measure>
    <measure number="10">
      <note>
        <pitch>
          <step>D</step>
          <octave>4</octave>
        </pitch>
        <duration>240</duration>
        <voice>1</voice>
        <type>half</type>
      </note>
      <note>
        <pitch>
          <step>A</step>
          <octave>4</octave>
        </pitch>
        <duration>120</duration>
        <tie type="start" />
        <voice>1</voice>
        <type>quarter</type>
        <notations>
          <tied type="start" />
        </notations>
      </note>
    </measure>
    <measure number="11">
      <note>
        <pitch>
          <step>A</step>
          <octave>4</octave>
        </pitch>
        <duration>120</duration>
        <tie type="stop" />
        <voice>1</voice>
        <type>quarter</type>
        <notations>
          <tied type="stop" />
        </notations>
      </note>
      <note>
        <pitch>
          <step>G</step>
          <octave>4</octave>
        </pitch>
        <duration>240</duration>
        <voice>1</voice>
        <type>half</type>
      </note>
    </measure>
    <measure number="12">
      <note>
        <pitch>
          <step>F</step>
          <octave>4</octave>
        </pitch>
        <duration>240</duration>
        <voice>1</voice>
        <type>half</type>
      </note>
      <note>
        <pitch>
          <step>C</step>
          <octave>5</octave>
        </pitch>
        <duration>120</duration>
        <tie type="start" />
        <voice>1</voice>
        <type>quarter</type>
        <notations>
          <tied type="start" />
        </notations>
      </note>
    </measure>
    <measure number="13">
      <note>
        <pitch>
          <step>C</step>
          <octave>5</octave>
        </pitch>
        <duration>120</duration>
        <tie type="stop" />
        <voice>1</voice>
        <type>quarter</type>
        <notations>
          <tied type="stop" />
        </notations>
      </note>
      <note>
        <pitch>
          <step>B</step>
          <alter>-1</alter>
          <octave>4</octave>
        </pitch>
        <duration>240</duration>
        <voice>1</voice>
        <type>half</type>
      </note>
    </measure>
    <measure number="14">
      <note>
        <pitch>
          <step>A</step>
          <octave>4</octave>
        </pitch>
        <duration>240</duration>
        <voice>1</voice>
        <type>half</type>
      </note>
      <note>
        <pitch>
          <step>F</step>
          <octave>5</octave>
        </pitch>
        <duration>120</duration>
        <voice>1</voice>
        <type>quarter</type>
      </note>
    </measure>
    <measure number="15">
      <note>
        <pitch>
          <step>C</step>
          <octave>6</octave>
        </pitch>
        <duration>240</duration>
        <voice>1</voice>
        <type>half</type>
      </note>
      <note>
        <pitch>
          <step>G</step>
          <octave>5</octave>
        </pitch>
        <duration>120</duration>
        <voice>1</voice>
        <type>quarter</type>
      </note>
    </measure>
    <measure number="16">
      <note>
        <pitch>
          <step>B</step>
          <alter>-1</alter>
          <octave>5</octave>
        </pitch>
        <duration>240</duration>
        <voice>1</voice>
        <type>half</type>
      </note>
      <note>
        <pitch>
          <step>F</step>
          <octave>5</octave>
        </pitch>
        <duration>120</duration>
        <voice>1</voice>
        <type>quarter</type>
      </note>
    </measure>
    <measure number="17">
      <note>
        <pitch>
          <step>E</step>
          <octave>5</octave>
        </pitch>
        <duration>120</duration>
        <voice>1</voice>
        <type>quarter</type>
      </note>
      <note>
        <pitch>
          <step>F</step>
          <alter>1</alter>
          <octave>5</octave>
        </pitch>
        <duration>240</duration>
        <voice>1</voice>
        <type>half</type>
        <accidental>sharp</accidental>
      </note>
    </measure>
    <measure number="18">
      <note>
        <pitch>
          <step>G</step>
          <octave>5</octave>
        </pitch>
        <duration>240</duration>
        <voice>1</voice>
        <type>half</type>
      </note>
      <note>
        <pitch>
          <step>A</step>
          <octave>4</octave>
        </pitch>
        <duration>120</duration>
        <tie type="start" />
        <voice>1</voice>
        <type>quarter</type>
        <notations>
          <tied type="start" />
        </notations>
      </note>
    </measure>
    <measure number="19">
      <note>
        <pitch>
          <step>A</step>
          <octave>4</octave>
        </pitch>
        <duration>120</duration>
        <tie type="stop" />
        <voice>1</voice>
        <type>quarter</type>
        <notations>
          <tied type="stop" />
        </notations>
      </note>
      <note>
        <pitch>
          <step>G</step>
          <octave>4</octave>
        </pitch>
        <duration>240</duration>
        <voice>1</voice>
        <type>half</type>
      </note>
    </measure>
    <measure number="20">
      <note>
        <pitch>
          <step>F</step>
          <alter>1</alter>
          <octave>4</octave>
        </pitch>
        <duration>240</duration>
        <voice>1</voice>
        <type>half</type>
        <accidental>sharp</accidental>
      </note>
      <note>
        <pitch>
          <step>D</step>
          <octave>5</octave>
        </pitch>
        <duration>120</duration>
        <tie type="start" />
        <voice>1</voice>
        <type>quarter</type>
        <notations>
          <tied type="start" />
        </notations>
      </note>
    </measure>
    <measure number="21">
      <note>
        <pitch>
          <step>D</step>
          <octave>5</octave>
        </pitch>
        <duration>120</duration>
        <tie type="stop" />
        <voice>1</voice>
        <type>quarter</type>
        <notations>
          <tied type="stop" />
        </notations>
      </note>
      <note>
        <pitch>
          <step>C</step>
          <octave>5</octave>
        </pitch>
        <duration>240</duration>
        <voice>1</voice>
        <type>half</type>
      </note>
    </measure>
    <measure number="22">
      <note>
        <pitch>
          <step>B</step>
          <alter>-1</alter>
          <octave>4</octave>
        </pitch>
        <duration>240</duration>
        <voice>1</voice>
        <type>half</type>
      </note>
      <note>
        <pitch>
          <step>C</step>
          <octave>5</octave>
        </pitch>
        <duration>120</duration>
        <tie type="start" />
        <voice>1</voice>
        <type>quarter</type>
        <notations>
          <tied type="start" />
        </notations>
      </note>
    </measure>
    <measure number="23">
      <note>
        <pitch>
          <step>C</step>
          <octave>5</octave>
        </pitch>
        <duration>120</duration>
        <tie type="stop" />
        <voice>1</voice>
        <type>quarter</type>
        <notations>
          <tied type="stop" />
        </notations>
      </note>
      <note>
        <pitch>
          <step>B</step>
          <alter>-1</alter>
          <octave>4</octave>
        </pitch>
        <duration>240</duration>
        <voice>1</voice>
        <type>half</type>
      </note>
    </measure>
    <measure number="24">
      <note>
        <pitch>
          <step>A</step>
          <octave>4</octave>
        </pitch>
        <duration>240</duration>
        <voice>1</voice>
        <type>half</type>
      </note>
      <note>
        <pitch>
          <step>D</step>
          <octave>5</octave>
        </pitch>
        <duration>120</duration>
        <tie type="start" />
        <voice>1</voice>
        <type>quarter</type>
        <notations>
          <tied type="start" />
        </notations>
      </note>
    </measure>
    <measure number="25">
      <note>
        <pitch>
          <step>D</step>
          <octave>5</octave>
        </pitch>
        <duration>120</duration>
        <tie type="stop" />
        <voice>1</voice>
        <type>quarter</type>
        <notations>
          <tied type="stop" />
        </notations>
      </note>
      <note>
        <pitch>
          <step>C</step>
          <octave>5</octave>
        </pitch>
        <duration>120</duration>
        <voice>1</voice>
        <type>quarter</type>
      </note>
      <note>
        <pitch>
          <step>B</step>
          <alter>-1</alter>
          <octave>4</octave>
        </pitch>
        <duration>120</duration>
        <voice>1</voice>
        <type>quarter</type>
      </note>
    </measure>
    <measure number="26">
      <note>
        <pitch>
          <step>A</step>
          <octave>4</octave>
        </pitch>
        <duration>120</duration>
        <voice>1</voice>
        <type>quarter</type>
      </note>
      <note>
        <pitch>
          <step>F</step>
          <octave>4</octave>
        </pitch>
        <duration>120</duration>
        <voice>1</voice>
        <type>quarter</type>
      </note>
      <note>
        <pitch>
          <step>F</step>
          <octave>5</octave>
        </pitch>
        <duration>120</duration>
        <tie type="start" />
        <voice>1</voice>
        <type>quarter</type>
        <notations>
          <tied type="start" />
        </notations>
      </note>
    </measure>
    <measure number="27">
      <note>
        <pitch>
          <step>F</step>
          <octave>5</octave>
        </pitch>
        <duration>120</duration>
        <tie type="stop" />
        <voice>1</voice>
        <type>quarter</type>
        <notations>
          <tied type="stop" />
        </notations>
      </note>
      <note>
        <pitch>
          <step>E</step>
          <alter>-1</alter>
          <octave>5</octave>
        </pitch>
        <duration>240</duration>
        <voice>1</voice>
        <type>half</type>
        <accidental>flat</accidental>
      </note>
    </measure>
    <measure number="28">
      <note>
        <pitch>
          <step>D</step>
          <octave>5</octave>
        </pitch>
        <duration>240</duration>
        <voice>1</voice>
        <type>half</type>
      </note>
      <note>
        <rest />
        <duration>120</duration>
        <voice>1</voice>
        <type>quarter</type>
      </note>
      <barline location="right">
        <bar-style>light-heavy</bar-style>
        <repeat direction="backward" />
      </barline>
    </measure>
    <measure number="29">
      <attributes>
        <time>
          <beats>4</beats>
          <beat-type>4</beat-type>
        </time>
      </attributes>
      <note>
        <pitch>
          <step>D</step>
          <octave>5</octave>
        </pitch>
        <duration>240</duration>
        <voice>1</voice>
        <type>half</type>
      </note>
      <note>
        <pitch>
          <step>C</step>
          <octave>5</octave>
        </pitch>
        <duration>240</duration>
        <voice>1</voice>
        <type>half</type>
      </note>
      <barline location="right">
        <bar-style>light-heavy</bar-style>
      </barline>
    </measure>
  </part>
  <part id="P3">
    <measure number="1">
      <attributes>
        <divisions>120</divisions>
        <key>
          <fifths>-1</fifths>
          <mode>minor</mode>
        </key>
        <time>
          <beats>3</beats>
          <beat-type>4</beat-type>
        </time>
        <clef>
          <sign>F</sign>
          <line>4</line>
        </clef>
      </attributes>
      <note>
        <rest measure="yes" />
        <duration>360</duration>
        <voice>1</voice>
      </note>
    </measure>
    <measure number="2">
      <note>
        <rest measure="yes" />
        <duration>360</duration>
        <voice>1</voice>
      </note>
    </measure>
    <measure number="3">
      <note>
        <rest measure="yes" />
        <duration>360</duration>
        <voice>1</voice>
      </note>
    </measure>
    <measure number="4">
      <note>
        <rest measure="yes" />
        <duration>360</duration>
        <voice>1</voice>
      </note>
    </measure>
    <measure number="5">
      <note>
        <pitch>
          <step>F</step>
          <octave>3</octave>
        </pitch>
        <duration>240</duration>
        <voice>1</voice>
        <type>half</type>
      </note>
      <note>
        <pitch>
          <step>E</step>
          <alter>-1</alter>
          <octave>3</octave>
        </pitch>
        <duration>120</duration>
        <voice>1</voice>
        <type>quarter</type>
        <accidental>flat</accidental>
      </note>
    </measure>
    <measure number="6">
      <note>
        <pitch>
          <step>D</step>
          <octave>3</octave>
        </pitch>
        <duration>240</duration>
        <voice>1</voice>
        <type>half</type>
      </note>
      <note>
        <pitch>
          <step>D</step>
          <octave>3</octave>
        </pitch>
        <duration>120</duration>
        <voice>1</voice>
        <type>quarter</type>
      </note>
    </measure>
    <measure number="7">
      <note>
        <pitch>
          <step>E</step>
          <alter>-1</alter>
          <octave>3</octave>
        </pitch>
        <duration>240</duration>
        <voice>1</voice>
        <type>half</type>
        <accidental>flat</accidental>
      </note>
      <note>
        <pitch>
          <step>C</step>
          <octave>3</octave>
        </pitch>
        <duration>120</duration>
        <voice>1</voice>
        <type>quarter</type>
      </note>
    </measure>
    <measure number="8">
      <note>
        <pitch>
          <step>D</step>
          <octave>3</octave>
        </pitch>
        <duration>240</duration>
        <voice>1</voice>
        <type>half</type>
      </note>
      <note>
        <pitch>
          <step>B</step>
          <alter>-1</alter>
          <octave>2</octave>
        </pitch>
        <duration>120</duration>
        <tie type="start" />
        <voice>1</voice>
        <type>quarter</type>
        <notations>
          <tied type="start" />
        </notations>
      </note>
    </measure>
    <measure number="9">
      <note>
        <pitch>
          <step>B</step>
          <alter>-1</alter>
          <octave>2</octave>
        </pitch>
        <duration>120</duration>
        <tie type="stop" />
        <voice>1</voice>
        <type>quarter</type>
        <notations>
          <tied type="stop" />
        </notations>
      </note>
      <note>
        <pitch>
          <step>F</step>
          <alter>1</alter>
          <octave>2</octave>
        </pitch>
        <duration>240</duration>
        <voice>1</voice>
        <type>half</type>
        <accidental>sharp</accidental>
      </note>
    </measure>
    <measure number="10">
      <note>
        <pitch>
          <step>G</step>
          <octave>2</octave>
        </pitch>
        <duration>240</duration>
        <voice>1</voice>
        <type>half</type>
      </note>
      <note>
        <pitch>
          <step>F</step>
          <octave>3</octave>
        </pitch>
        <duration>120</duration>
        <tie type="start" />
        <voice>1</voice>
        <type>quarter</type>
        <notations>
          <tied type="start" />
        </notations>
      </note>
    </measure>
    <measure number="11">
      <note>
        <pitch>
          <step>F</step>
          <octave>3</octave>
        </pitch>
        <duration>120</duration>
        <tie type="stop" />
        <voice>1</voice>
        <type>quarter</type>
        <notations>
          <tied type="stop" />
        </notations>
      </note>
      <note>
        <pitch>
          <step>E</step>
          <octave>3</octave>
        </pitch>
        <duration>240</duration>
        <voice>1</voice>
        <type>half</type>
      </note>
    </measure>
    <measure number="12">
      <note>
        <pitch>
          <step>D</step>
          <octave>3</octave>
        </pitch>
        <duration>240</duration>
        <voice>1</voice>
        <type>half</type>
      </note>
      <note>
        <pitch>
          <step>A</step>
          <octave>2</octave>
        </pitch>
        <duration>120</duration>
        <tie type="start" />
        <voice>1</voice>
        <type>quarter</type>
        <notations>
          <tied type="start" />
        </notations>
      </note>
    </measure>
    <measure number="13">
      <note>
        <pitch>
          <step>A</step>
          <octave>2</octave>
        </pitch>
        <duration>120</duration>
        <tie type="stop" />
        <voice>1</voice>
        <type>quarter</type>
        <notations>
          <tied type="stop" />
        </notations>
      </note>
      <note>
        <pitch>
          <step>G</step>
          <octave>2</octave>
        </pitch>
        <duration>240</duration>
        <voice>1</voice>
        <type>half</type>
      </note>
    </measure>
    <measure number="14">
      <note>
        <pitch>
          <step>F</step>
          <octave>2</octave>
        </pitch>
        <duration>240</duration>
        <voice>1</voice>
        <type>half</type>
      </note>
      <note>
        <pitch>
          <step>F</step>
          <octave>3</octave>
        </pitch>
        <duration>120</duration>
        <voice>1</voice>
        <type>quarter</type>
      </note>
    </measure>
    <measure number="15">
      <note>
        <pitch>
          <step>E</step>
          <octave>3</octave>
        </pitch>
        <duration>240</duration>
        <voice>1</voice>
        <type>half</type>
      </note>
      <note>
        <pitch>
          <step>E</step>
          <octave>3</octave>
        </pitch>
        <duration>120</duration>
        <voice>1</voice>
        <type>quarter</type>
      </note>
    </measure>
    <measure number="16">
      <note>
        <pitch>
          <step>D</step>
          <octave>3</octave>
        </pitch>
        <duration>240</duration>
        <voice>1</voice>
        <type>half</type>
      </note>
      <note>
        <pitch>
          <step>D</step>
          <octave>3</octave>
        </pitch>
        <duration>120</duration>
        <voice>1</voice>
        <type>quarter</type>
      </note>
    </measure>
    <measure number="17">
      <note>
        <pitch>
          <step>C</step>
          <octave>3</octave>
        </pitch>
        <duration>120</duration>
        <voice>1</voice>
        <type>quarter</type>
      </note>
      <note>
        <pitch>
          <step>D</step>
          <octave>3</octave>
        </pitch>
        <duration>240</duration>
        <voice>1</voice>
        <type>half</type>
      </note>
    </measure>
    <measure number="18">
      <note>
        <pitch>
          <step>G</step>
          <octave>2</octave>
        </pitch>
        <duration>240</duration>
        <voice>1</voice>
        <type>half</type>
      </note>
      <note>
        <pitch>
          <step>F</step>
          <octave>3</octave>
        </pitch>
        <duration>120</duration>
        <tie type="start" />
        <voice>1</voice>
        <type>quarter</type>
        <notations>
          <tied type="start" />
        </notations>
      </note>
    </measure>
    <measure number="19">
      <note>
        <pitch>
          <step>F</step>
          <octave>3</octave>
        </pitch>
        <duration>120</duration>
        <tie type="stop" />
        <voice>1</voice>
        <type>quarter</type>
        <notations>
          <tied type="stop" />
        </notations>
      </note>
      <note>
        <pitch>
          <step>E</step>
          <alter>-1</alter>
          <octave>3</octave>
        </pitch>
        <duration>240</duration>
        <voice>1</voice>
        <type>half</type>
        <accidental>flat</accidental>
      </note>
    </measure>
    <measure number="20">
      <note>
        <pitch>
          <step>D</step>
          <octave>3</octave>
        </pitch>
        <duration>240</duration>
        <voice>1</voice>
        <type>half</type>
      </note>
      <note>
        <pitch>
          <step>B</step>
          <alter>-1</alter>
          <octave>2</octave>
        </pitch>
        <duration>120</duration>
        <tie type="start" />
        <voice>1</voice>
        <type>quarter</type>
        <notations>
          <tied type="start" />
        </notations>
      </note>
    </measure>
    <measure number="21">
      <note>
        <pitch>
          <step>B</step>
          <alter>-1</alter>
          <octave>2</octave>
        </pitch>
        <duration>120</duration>
        <tie type="stop" />
        <voice>1</voice>
        <type>quarter</type>
        <notations>
          <tied type="stop" />
        </notations>
      </note>
      <note>
        <pitch>
          <step>A</step>
          <octave>2</octave>
        </pitch>
        <duration>240</duration>
        <voice>1</voice>
        <type>half</type>
      </note>
    </measure>
    <measure number="22">
      <note>
        <pitch>
          <step>B</step>
          <alter>-1</alter>
          <octave>2</octave>
        </pitch>
        <duration>240</duration>
        <voice>1</voice>
        <type>half</type>
      </note>
      <note>
        <pitch>
          <step>A</step>
          <octave>2</octave>
        </pitch>
        <duration>120</duration>
        <tie type="start" />
        <voice>1</voice>
        <type>quarter</type>
        <notations>
          <tied type="start" />
        </notations>
      </note>
    </measure>
    <measure number="23">
      <note>
        <pitch>
          <step>A</step>
          <octave>2</octave>
        </pitch>
        <duration>120</duration>
        <tie type="stop" />
        <voice>1</voice>
        <type>quarter</type>
        <notations>
          <tied type="stop" />
        </notations>
      </note>
      <note>
        <pitch>
          <step>G</step>
          <octave>2</octave>
        </pitch>
        <duration>240</duration>
        <voice>1</voice>
        <type>half</type>
      </note>
    </measure>
    <measure number="24">
      <note>
        <pitch>
          <step>F</step>
          <octave>2</octave>
        </pitch>
        <duration>240</duration>
        <voice>1</voice>
        <type>half</type>
      </note>
      <note>
        <pitch>
          <step>D</step>
          <octave>3</octave>
        </pitch>
        <duration>120</duration>
        <voice>1</voice>
        <type>quarter</type>
      </note>
    </measure>
    <measure number="25">
      <note>
        <pitch>
          <step>G</step>
          <octave>2</octave>
        </pitch>
        <duration>240</duration>
        <voice>1</voice>
        <type>half</type>
      </note>
      <note>
        <pitch>
          <step>C</step>
          <octave>3</octave>
        </pitch>
        <duration>120</duration>
        <voice>1</voice>
        <type>quarter</type>
      </note>
    </measure>
    <measure number="26">
      <note>
        <pitch>
          <step>F</step>
          <octave>2</octave>
        </pitch>
        <duration>240</duration>
        <voice>1</voice>
        <type>half</type>
      </note>
      <note>
        <pitch>
          <step>A</step>
          <octave>2</octave>
        </pitch>
        <duration>120</duration>
        <voice>1</voice>
        <type>quarter</type>
      </note>
    </measure>
    <measure number="27">
      <note>
        <pitch>
          <step>B</step>
          <alter>-1</alter>
          <octave>2</octave>
        </pitch>
        <duration>120</duration>
        <voice>1</voice>
        <type>quarter</type>
      </note>
      <note>
        <pitch>
          <step>F</step>
          <octave>2</octave>
        </pitch>
        <duration>240</duration>
        <voice>1</voice>
        <type>half</type>
      </note>
    </measure>
    <measure number="28">
      <note>
        <pitch>
          <step>B</step>
          <alter>-1</alter>
          <octave>2</octave>
        </pitch>
        <duration>240</duration>
        <voice>1</voice>
        <type>half</type>
      </note>
      <note>
        <rest />
        <duration>120</duration>
        <voice>1</voice>
        <type>quarter</type>
      </note>
      <barline location="right">
        <bar-style>light-heavy</bar-style>
        <repeat direction="backward" />
      </barline>
    </measure>
    <measure number="29">
      <attributes>
        <time>
          <beats>4</beats>
          <beat-type>4</beat-type>
        </time>
      </attributes>
      <note>
        <pitch>
          <step>B</step>
          <alter>-1</alter>
          <octave>2</octave>
        </pitch>
        <duration>240</duration>
        <voice>1</voice>
        <type>half</type>
      </note>
      <note>
        <pitch>
          <step>F</step>
          <octave>3</octave>
        </pitch>
        <duration>240</duration>
        <voice>1</voice>
        <type>half</type>
      </note>
      <barline location="right">
        <bar-style>light-heavy</bar-style>
      </barline>
    </measure>
  </part>
  <part id="P4">
    <measure number="1">
      <attributes>
        <divisions>120</divisions>
        <key>
          <fifths>-1</fifths>
          <mode>minor</mode>
        </key>
        <time>
          <beats>3</beats>
          <beat-type>4</beat-type>
        </time>
        <clef>
          <sign>F</sign>
          <line>4</line>
        </clef>
      </attributes>
      <note>
        <pitch>
          <step>B</step>
          <alter>-1</alter>
          <octave>3</octave>
        </pitch>
        <duration>240</duration>
        <voice>1</voice>
        <type>half</type>
      </note>
      <note>
        <pitch>
          <step>A</step>
          <octave>3</octave>
        </pitch>
        <duration>120</duration>
        <voice>1</voice>
        <type>quarter</type>
      </note>
    </measure>
    <measure number="2">
      <note>
        <pitch>
          <step>G</step>
          <octave>3</octave>
        </pitch>
        <duration>240</duration>
        <voice>1</voice>
        <type>half</type>
      </note>
      <note>
        <pitch>
          <step>F</step>
          <octave>3</octave>
        </pitch>
        <duration>120</duration>
        <voice>1</voice>
        <type>quarter</type>
      </note>
    </measure>
    <measure number="3">
      <note>
        <pitch>
          <step>E</step>
          <alter>-1</alter>
          <octave>3</octave>
        </pitch>
        <duration>240</duration>
        <voice>1</voice>
        <type>half</type>
        <accidental>flat</accidental>
      </note>
      <note>
        <pitch>
          <step>D</step>
          <octave>3</octave>
        </pitch>
        <duration>120</duration>
        <voice>1</voice>
        <type>quarter</type>
      </note>
    </measure>
    <measure number="4">
      <note>
        <pitch>
          <step>C</step>
          <octave>3</octave>
        </pitch>
        <duration>240</duration>
        <voice>1</voice>
        <type>half</type>
      </note>
      <note>
        <pitch>
          <step>B</step>
          <alter>-1</alter>
          <octave>2</octave>
        </pitch>
        <duration>120</duration>
        <voice>1</voice>
        <type>quarter</type>
      </note>
    </measure>
    <measure number="5">
      <note>
        <pitch>
          <step>F</step>
          <octave>3</octave>
        </pitch>
        <duration>240</duration>
        <voice>1</voice>
        <type>half</type>
      </note>
      <note>
        <pitch>
          <step>E</step>
          <alter>-1</alter>
          <octave>3</octave>
        </pitch>
        <duration>120</duration>
        <voice>1</voice>
        <type>quarter</type>
        <accidental>flat</accidental>
      </note>
    </measure>
    <measure number="6">
      <note>
        <pitch>
          <step>D</step>
          <octave>3</octave>
        </pitch>
        <duration>240</duration>
        <voice>1</voice>
        <type>half</type>
      </note>
      <note>
        <pitch>
          <step>D</step>
          <octave>3</octave>
        </pitch>
        <duration>120</duration>
        <voice>1</voice>
        <type>quarter</type>
      </note>
    </measure>
    <measure number="7">
      <note>
        <pitch>
          <step>E</step>
          <alter>-1</alter>
          <octave>3</octave>
        </pitch>
        <duration>240</duration>
        <voice>1</voice>
        <type>half</type>
        <accidental>flat</accidental>
      </note>
      <note>
        <pitch>
          <step>C</step>
          <octave>3</octave>
        </pitch>
        <duration>120</duration>
        <voice>1</voice>
        <type>quarter</type>
      </note>
    </measure>
    <measure number="8">
      <note>
        <pitch>
          <step>D</step>
          <octave>3</octave>
        </pitch>
        <duration>240</duration>
        <voice>1</voice>
        <type>half</type>
      </note>
      <note>
        <pitch>
          <step>B</step>
          <alter>-1</alter>
          <octave>2</octave>
        </pitch>
        <duration>120</duration>
        <tie type="start" />
        <voice>1</voice>
        <type>quarter</type>
        <notations>
          <tied type="start" />
        </notations>
      </note>
    </measure>
    <measure number="9">
      <note>
        <pitch>
          <step>B</step>
          <alter>-1</alter>
          <octave>2</octave>
        </pitch>
        <duration>120</duration>
        <tie type="stop" />
        <voice>1</voice>
        <type>quarter</type>
        <notations>
          <tied type="stop" />
        </notations>
      </note>
      <note>
        <pitch>
          <step>F</step>
          <alter>1</alter>
          <octave>2</octave>
        </pitch>
        <duration>240</duration>
        <voice>1</voice>
        <type>half</type>
        <accidental>sharp</accidental>
      </note>
    </measure>
    <measure number="10">
      <note>
        <pitch>
          <step>G</step>
          <octave>2</octave>
        </pitch>
        <duration>240</duration>
        <voice>1</voice>
        <type>half</type>
      </note>
      <note>
        <pitch>
          <step>F</step>
          <octave>3</octave>
        </pitch>
        <duration>120</duration>
        <tie type="start" />
        <voice>1</voice>
        <type>quarter</type>
        <notations>
          <tied type="start" />
        </notations>
      </note>
    </measure>
    <measure number="11">
      <note>
        <pitch>
          <step>F</step>
          <octave>3</octave>
        </pitch>
        <duration>120</duration>
        <tie type="stop" />
        <voice>1</voice>
        <type>quarter</type>
        <notations>
          <tied type="stop" />
        </notations>
      </note>
      <note>
        <pitch>
          <step>E</step>
          <octave>3</octave>
        </pitch>
        <duration>240</duration>
        <voice>1</voice>
        <type>half</type>
      </note>
    </measure>
    <measure number="12">
      <note>
        <pitch>
          <step>D</step>
          <octave>3</octave>
        </pitch>
        <duration>240</duration>
        <voice>1</voice>
        <type>half</type>
      </note>
      <note>
        <pitch>
          <step>A</step>
          <octave>2</octave>
        </pitch>
        <duration>120</duration>
        <tie type="start" />
        <voice>1</voice>
        <type>quarter</type>
        <notations>
          <tied type="start" />
        </notations>
      </note>
    </measure>
    <measure number="13">
      <note>
        <pitch>
          <step>A</step>
          <octave>2</octave>
        </pitch>
        <duration>120</duration>
        <tie type="stop" />
        <voice>1</voice>
        <type>quarter</type>
        <notations>
          <tied type="stop" />
        </notations>
      </note>
      <note>
        <pitch>
          <step>G</step>
          <octave>2</octave>
        </pitch>
        <duration>240</duration>
        <voice>1</voice>
        <type>half</type>
      </note>
    </measure>
    <measure number="14">
      <note>
        <pitch>
          <step>F</step>
          <octave>2</octave>
        </pitch>
        <duration>240</duration>
        <voice>1</voice>
        <type>half</type>
      </note>
      <note>
        <pitch>
          <step>F</step>
          <octave>3</octave>
        </pitch>
        <duration>120</duration>
        <voice>1</voice>
        <type>quarter</type>
      </note>
    </measure>
    <measure number="15">
      <note>
        <pitch>
          <step>E</step>
          <octave>3</octave>
        </pitch>
        <duration>240</duration>
        <voice>1</voice>
        <type>half</type>
      </note>
      <note>
        <pitch>
          <step>E</step>
          <octave>3</octave>
        </pitch>
        <duration>120</duration>
        <voice>1</voice>
        <type>quarter</type>
      </note>
    </measure>
    <measure number="16">
      <note>
        <pitch>
          <step>D</step>
          <octave>3</octave>
        </pitch>
        <duration>240</duration>
        <voice>1</voice>
        <type>half</type>
      </note>
      <note>
        <pitch>
          <step>D</step>
          <octave>3</octave>
        </pitch>
        <duration>120</duration>
        <voice>1</voice>
        <type>quarter</type>
      </note>
    </measure>
    <measure number="17">
      <note>
        <pitch>
          <step>C</step>
          <octave>3</octave>
        </pitch>
        <duration>120</duration>
        <voice>1</voice>
        <type>quarter</type>
      </note>
      <note>
        <pitch>
          <step>D</step>
          <octave>3</octave>
        </pitch>
        <duration>240</duration>
        <voice>1</voice>
        <type>half</type>
      </note>
    </measure>
    <measure number="18">
      <note>
        <pitch>
          <step>G</step>
          <octave>2</octave>
        </pitch>
        <duration>240</duration>
        <voice>1</voice>
        <type>half</type>
      </note>
      <note>
        <pitch>
          <step>F</step>
          <octave>3</octave>
        </pitch>
        <duration>120</duration>
        <tie type="start" />
        <voice>1</voice>
        <type>quarter</type>
        <notations>
          <tied type="start" />
        </notations>
      </note>
    </measure>
    <measure number="19">
      <note>
        <pitch>
          <step>F</step>
          <octave>3</octave>
        </pitch>
        <duration>120</duration>
        <tie type="stop" />
        <voice>1</voice>
        <type>quarter</type>
        <notations>
          <tied type="stop" />
        </notations>
      </note>
      <note>
        <pitch>
          <step>E</step>
          <alter>-1</alter>
          <octave>3</octave>
        </pitch>
        <duration>240</duration>
        <voice>1</voice>
        <type>half</type>
        <accidental>flat</accidental>
      </note>
    </measure>
    <measure number="20">
      <note>
        <pitch>
          <step>D</step>
          <octave>3</octave>
        </pitch>
        <duration>240</duration>
        <voice>1</voice>
        <type>half</type>
      </note>
      <note>
        <pitch>
          <step>B</step>
          <alter>-1</alter>
          <octave>2</octave>
        </pitch>
        <duration>120</duration>
        <tie type="start" />
        <voice>1</voice>
        <type>quarter</type>
        <notations>
          <tied type="start" />
        </notations>
      </note>
    </measure>
    <measure number="21">
      <note>
        <pitch>
          <step>B</step>
          <alter>-1</alter>
          <octave>2</octave>
        </pitch>
        <duration>120</duration>
        <tie type="stop" />
        <voice>1</voice>
        <type>quarter</type>
        <notations>
          <tied type="stop" />
        </notations>
      </note>
      <note>
        <pitch>
          <step>A</step>
          <octave>2</octave>
        </pitch>
        <duration>240</duration>
        <voice>1</voice>
        <type>half</type>
      </note>
    </measure>
    <measure number="22">
      <note>
        <pitch>
          <step>B</step>
          <alter>-1</alter>
          <octave>2</octave>
        </pitch>
        <duration>240</duration>
        <voice>1</voice>
        <type>half</type>
      </note>
      <note>
        <pitch>
          <step>A</step>
          <octave>2</octave>
        </pitch>
        <duration>120</duration>
        <tie type="start" />
        <voice>1</voice>
        <type>quarter</type>
        <notations>
          <tied type="start" />
        </notations>
      </note>
    </measure>
    <measure number="23">
      <note>
        <pitch>
          <step>A</step>
          <octave>2</octave>
        </pitch>
        <duration>120</duration>
        <tie type="stop" />
        <voice>1</voice>
        <type>quarter</type>
        <notations>
          <tied type="stop" />
        </notations>
      </note>
      <note>
        <pitch>
          <step>G</step>
          <octave>2</octave>
        </pitch>
        <duration>240</duration>
        <voice>1</voice>
        <type>half</type>
      </note>
    </measure>
    <measure number="24">
      <note>
        <pitch>
          <step>F</step>
          <octave>2</octave>
        </pitch>
        <duration>240</duration>
        <voice>1</voice>
        <type>half</type>
      </note>
      <note>
        <pitch>
          <step>D</step>
          <octave>3</octave>
        </pitch>
        <duration>120</duration>
        <voice>1</voice>
        <type>quarter</type>
      </note>
    </measure>
    <measure number="25">
      <note>
        <pitch>
          <step>G</step>
          <octave>2</octave>
        </pitch>
        <duration>240</duration>
        <voice>1</voice>
        <type>half</type>
      </note>
      <note>
        <pitch>
          <step>C</step>
          <octave>3</octave>
        </pitch>
        <duration>120</duration>
        <voice>1</voice>
        <type>quarter</type>
      </note>
    </measure>
    <measure number="26">
      <note>
        <pitch>
          <step>F</step>
          <octave>2</octave>
        </pitch>
        <duration>240</duration>
        <voice>1</voice>
        <type>half</type>
      </note>
      <note>
        <pitch>
          <step>A</step>
          <octave>2</octave>
        </pitch>
        <duration>120</duration>
        <voice>1</voice>
        <type>quarter</type>
      </note>
    </measure>
    <measure number="27">
      <note>
        <pitch>
          <step>B</step>
          <alter>-1</alter>
          <octave>2</octave>
        </pitch>
        <duration>120</duration>
        <voice>1</voice>
        <type>quarter</type>
      </note>
      <note>
        <pitch>
          <step>F</step>
          <octave>2</octave>
        </pitch>
        <duration>240</duration>
        <voice>1</voice>
        <type>half</type>
      </note>
    </measure>
    <measure number="28">
      <note>
        <pitch>
          <step>B</step>
          <alter>-1</alter>
          <octave>2</octave>
        </pitch>
        <duration>240</duration>
        <voice>1</voice>
        <type>half</type>
      </note>
      <note>
        <rest />
        <duration>120</duration>
        <voice>1</voice>
        <type>quarter</type>
      </note>
      <barline location="right">
        <bar-style>light-heavy</bar-style>
        <repeat direction="backward" />
      </barline>
    </measure>
    <measure number="29">
      <attributes>
        <time>
          <beats>4</beats>
          <beat-type>4</beat-type>
        </time>
      </attributes>
      <note>
        <pitch>
          <step>B</step>
          <alter>-1</alter>
          <octave>2</octave>
        </pitch>
        <duration>240</duration>
        <voice>1</voice>
        <type>half</type>
      </note>
      <note>
        <pitch>
          <step>F</step>
          <octave>3</octave>
        </pitch>
        <duration>240</duration>
        <voice>1</voice>
        <type>half</type>
      </note>
      <barline location="right">
        <bar-style>light-heavy</bar-style>
      </barline>
    </measure>
  </part>
</score-partwise>