<?xml version='1.0' encoding='utf-8'?>
<!DOCTYPE score-partwise PUBLIC "-//Recordare//DTD MusicXML 3.0 Partwise//EN" "http://www.musicxml.org/dtds/partwise.dtd">
<score-partwise>
  <identification>
    <encoding>
      <encoder>abc2xml version 245</encoder>
      <encoding-date>2025-10-03</encoding-date>
    </encoding>
  </identification>
  <part-list>
    <part-group number="1" type="start">
      <group-symbol>bracket</group-symbol>
      <group-barline>yes</group-barline>
    </part-group>
    <score-part id="P1">
      <part-name>Soprano</part-name>
    </score-part>
    <score-part id="P2">
      <part-name>Alto</part-name>
    </score-part>
    <score-part id="P3">
      <part-name>Tenor</part-name>
    </score-part>
    <score-part id="P4">
      <part-name>Bass</part-name>
    </score-part>
    <part-group number="1" type="stop" />
  </part-list>
  <part id="P1">
    <measure number="1">
      <direction placement="above">
        <direction-type>
          <metronome>
            <beat-unit>quarter</beat-unit>
            <per-minute>60</per-minute>
          </metronome>
        </direction-type>
        <sound tempo="60.00" />
      </direction>
      <attributes>
        <divisions>120</divisions>
        <key>
          <fifths>-4</fifths>
          <mode>major</mode>
        </key>
        <time>
          <beats>6</beats>
          <beat-type>8</beat-type>
        </time>
        <clef>
          <sign>G</sign>
          <line>2</line>
        </clef>
      </attributes>
      <direction placement="above">
        <direction-type>
          <words>Andante</words>
        </direction-type>
      </direction>
      <note>
        <pitch>
          <step>E</step>
          <alter>-1</alter>
          <octave>4</octave>
        </pitch>
        <duration>60</duration>
        <voice>1</voice>
        <type>eighth</type>
        </note>
    </measure>
    <measure number="2">
      <note>
        <pitch>
          <step>C</step>
          <octave>5</octave>
        </pitch>
        <duration>120</duration>
        <voice>1</voice>
        <type>quarter</type>
      </note>
      <note>
        <pitch>
          <step>B</step>
          <alter>-1</alter>
          <octave>4</octave>
        </pitch>
        <duration>60</duration>
        <voice>1</voice>
        <type>eighth</type>
        </note>
      <note>
        <pitch>
          <step>A</step>
          <alter>-1</alter>
          <octave>4</octave>
        </pitch>
        <duration>120</duration>
        <voice>1</voice>
        <type>quarter</type>
      </note>
      <note>
        <pitch>
          <step>G</step>
          <octave>4</octave>
        </pitch>
        <duration>60</duration>
        <voice>1</voice>
        <type>eighth</type>
        </note>
    </measure>
    <measure number="3">
      <note>
        <pitch>
          <step>B</step>
          <alter>-1</alter>
          <octave>4</octave>
        </pitch>
        <duration>120</duration>
        <voice>1</voice>
        <type>quarter</type>
      </note>
      <note>
        <pitch>
          <step>A</step>
          <alter>-1</alter>
          <octave>4</octave>
        </pitch>
        <duration>60</duration>
        <voice>1</voice>
        <type>eighth</type>
        </note>
      <note>
        <pitch>
          <step>F</step>
          <octave>4</octave>
        </pitch>
        <duration>120</duration>
        <voice>1</voice>
        <type>quarter</type>
      </note>
      <note>
        <pitch>
          <step>F</step>
          <octave>4</octave>
        </pitch>
        <duration>60</duration>
        <voice>1</voice>
        <type>eighth</type>
        </note>
    </measure>
    <measure number="4">
      <note>
        <pitch>
          <step>E</step>
          <alter>-1</alter>
          <octave>4</octave>
        </pitch>
        <duration>120</duration>
        <voice>1</voice>
        <type>quarter</type>
      </note>
      <note>
        <pitch>
          <step>A</step>
          <alter>-1</alter>
          <octave>4</octave>
        </pitch>
        <duration>60</duration>
        <voice>1</voice>
        <type>eighth</type>
        </note>
      <note>
        <pitch>
          <step>G</step>
          <octave>4</octave>
        </pitch>
        <duration>60</duration>
        <voice>1</voice>
        <type>eighth</type>
        <beam number="1">begin</beam>
        <notations>
          <slur number="1" type="start" />
        </notations>
      </note>
      <note>
        <pitch>
          <step>A</step>
          <alter>-1</alter>
          <octave>4</octave>
        </pitch>
        <duration>60</duration>
        <voice>1</voice>
        <type>eighth</type>
        <beam number="1">end</beam>
        <notations>
          <slur number="1" type="stop" />
        </notations>
      </note>
      <note>
        <pitch>
          <step>B</step>
          <alter>-1</alter>
          <octave>4</octave>
        </pitch>
        <duration>60</duration>
        <voice>1</voice>
        <type>eighth</type>
        </note>
    </measure>
    <measure number="5">
      <note>
        <pitch>
          <step>A</step>
          <alter>-1</alter>
          <octave>4</octave>
        </pitch>
        <duration>180</duration>
        <voice>1</voice>
        <type>quarter</type>
        <dot />
      </note>
      <note>
        <rest />
        <duration>120</duration>
        <voice>1</voice>
        <type>quarter</type>
      </note>
      <note>
        <pitch>
          <step>E</step>
          <alter>-1</alter>
          <octave>4</octave>
        </pitch>
        <duration>60</duration>
        <voice>1</voice>
        <type>eighth</type>
        </note>
    </measure>
    <measure number="6">
      <note>
        <pitch>
          <step>C</step>
          <octave>5</octave>
        </pitch>
        <duration>120</duration>
        <voice>1</voice>
        <type>quarter</type>
      </note>
      <note>
        <pitch>
          <step>B</step>
          <alter>-1</alter>
          <octave>4</octave>
        </pitch>
        <duration>60</duration>
        <voice>1</voice>
        <type>eighth</type>
        </note>
      <note>
        <pitch>
          <step>A</step>
          <alter>-1</alter>
          <octave>4</octave>
        </pitch>
        <duration>120</duration>
        <voice>1</voice>
        <type>quarter</type>
      </note>
      <note>
        <pitch>
          <step>G</step>
          <octave>4</octave>
        </pitch>
        <duration>60</duration>
        <voice>1</voice>
        <type>eighth</type>
        </note>
    </measure>
    <measure number="7">
      <note>
        <pitch>
          <step>B</step>
          <alter>-1</alter>
          <octave>4</octave>
        </pitch>
        <duration>120</duration>
        <voice>1</voice>
        <type>quarter</type>
      </note>
      <note>
        <pitch>
          <step>A</step>
          <alter>-1</alter>
          <octave>4</octave>
        </pitch>
        <duration>60</duration>
        <voice>1</voice>
        <type>eighth</type>
        </note>
      <note>
        <pitch>
          <step>F</step>
          <octave>4</octave>
        </pitch>
        <duration>120</duration>
        <voice>1</voice>
        <type>quarter</type>
      </note>
      <note>
        <pitch>
          <step>F</step>
          <octave>4</octave>
        </pitch>
        <duration>60</duration>
        <voice>1</voice>
        <type>eighth</type>
        </note>
    </measure>
    <measure number="8">
      <note>
        <pitch>
          <step>E</step>
          <alter>-1</alter>
          <octave>4</octave>
        </pitch>
        <duration>60</duration>
        <voice>1</voice>
        <type>eighth</type>
        <beam number="1">begin</beam>
        <notations>
          <slur number="1" type="start" />
        </notations>
      </note>
      <note>
        <pitch>
          <step>A</step>
          <alter>-1</alter>
          <octave>4</octave>
        </pitch>
        <duration>60</duration>
        <voice>1</voice>
        <type>eighth</type>
        <beam number="1">end</beam>
        <notations>
          <slur number="1" type="stop" />
        </notations>
      </note>
      <note>
        <pitch>
          <step>C</step>
          <octave>5</octave>
        </pitch>
        <duration>60</duration>
        <voice>1</voice>
        <type>eighth</type>
        </note>
      <note>
        <pitch>
          <step>E</step>
          <alter>-1</alter>
          <octave>5</octave>
        </pitch>
        <duration>60</duration>
        <voice>1</voice>
        <type>eighth</type>
        <beam number="1">begin</beam>
        <notations>
          <slur number="1" type="start" />
        </notations>
      </note>
      <note>
        <pitch>
          <step>D</step>
          <alter>-1</alter>
          <octave>5</octave>
        </pitch>
        <duration>60</duration>
        <voice>1</voice>
        <type>eighth</type>
        <beam number="1">end</beam>
        <notations>
          <slur number="1" type="stop" />
        </notations>
      </note>
      <note>
        <pitch>
          <step>B</step>
          <alter>-1</alter>
          <octave>4</octave>
        </pitch>
        <duration>60</duration>
        <voice>1</voice>
        <type>eighth</type>
        </note>
    </measure>
    <measure number="9">
      <note>
        <pitch>
          <step>A</step>
          <alter>-1</alter>
          <octave>4</octave>
        </pitch>
        <duration>180</duration>
        <voice>1</voice>
        <type>quarter</type>
        <dot />
      </note>
      <note>
        <rest />
        <duration>120</duration>
        <voice>1</voice>
        <type>quarter</type>
      </note>
      <note>
        <pitch>
          <step>C</step>
          <octave>5</octave>
        </pitch>
        <duration>60</duration>
        <voice>1</voice>
        <type>eighth</type>
        </note>
    </measure>
    <measure number="10">
      <note>
        <pitch>
          <step>D</step>
          <alter>-1</alter>
          <octave>5</octave>
        </pitch>
        <duration>120</duration>
        <voice>1</voice>
        <type>quarter</type>
      </note>
      <note>
        <pitch>
          <step>C</step>
          <octave>5</octave>
        </pitch>
        <duration>60</duration>
        <voice>1</voice>
        <type>eighth</type>
        </note>
      <note>
        <pitch>
          <step>B</step>
          <alter>-1</alter>
          <octave>4</octave>
        </pitch>
        <duration>120</duration>
        <voice>1</voice>
        <type>quarter</type>
      </note>
      <note>
        <pitch>
          <step>B</step>
          <alter>-1</alter>
          <octave>4</octave>
        </pitch>
        <duration>60</duration>
        <voice>1</voice>
        <type>eighth</type>
        </note>
    </measure>
    <measure number="11">
      <direction placement="below">
        <direction-type>
          <wedge type="diminuendo" />
        </direction-type>
      </direction>
      <note>
        <pitch>
          <step>C</step>
          <octave>5</octave>
        </pitch>
        <duration>120</duration>
        <voice>1</voice>
        <type>quarter</type>
        <notations>
          <slur number="1" type="start" />
        </notations>
      </note>
      <direction placement="below">
        <direction-type>
          <wedge type="stop" />
        </direction-type>
      </direction>
      <note>
        <pitch>
          <step>B</step>
          <alter>-1</alter>
          <octave>4</octave>
        </pitch>
        <duration>60</duration>
        <voice>1</voice>
        <type>eighth</type>
        <notations>
          <slur number="1" type="stop" />
        </notations>
      </note>
      <note>
        <pitch>
          <step>A</step>
          <alter>-1</alter>
          <octave>4</octave>
        </pitch>
        <duration>120</duration>
        <voice>1</voice>
        <type>quarter</type>
      </note>
      <note>
        <pitch>
          <step>A</step>
          <alter>-1</alter>
          <octave>4</octave>
        </pitch>
        <duration>60</duration>
        <voice>1</voice>
        <type>eighth</type>
        </note>
    </measure>
    <measure number="12">
      <note>
        <pitch>
          <step>A</step>
          <alter>0</alter>
          <octave>4</octave>
        </pitch>
        <duration>120</duration>
        <voice>1</voice>
        <type>quarter</type>
        <accidental>natural</accidental>
      </note>
      <note>
        <pitch>
          <step>A</step>
          <alter>0</alter>
          <octave>4</octave>
        </pitch>
        <duration>60</duration>
        <voice>1</voice>
        <type>eighth</type>
        </note>
      <note>
        <pitch>
          <step>B</step>
          <alter>-1</alter>
          <octave>4</octave>
        </pitch>
        <duration>90</duration>
        <voice>1</voice>
        <type>eighth</type>
        <dot />
        <beam number="1">begin</beam>
        <notations>
          <slur number="1" type="start" />
        </notations>
      </note>
      <note>
        <pitch>
          <step>C</step>
          <octave>5</octave>
        </pitch>
        <duration>30</duration>
        <voice>1</voice>
        <type>16th</type>
        <beam number="1">end</beam>
        <notations>
          <slur number="1" type="stop" />
        </notations>
      </note>
      <note>
        <pitch>
          <step>B</step>
          <alter>-1</alter>
          <octave>4</octave>
        </pitch>
        <duration>60</duration>
        <voice>1</voice>
        <type>eighth</type>
        </note>
    </measure>
    <measure number="13">
      <note>
        <pitch>
          <step>A</step>
          <alter>-1</alter>
          <octave>4</octave>
        </pitch>
        <duration>180</duration>
        <voice>1</voice>
        <type>quarter</type>
        <dot />
      </note>
      <note>
        <pitch>
          <step>G</step>
          <octave>4</octave>
        </pitch>
        <duration>120</duration>
        <voice>1</voice>
        <type>quarter</type>
      </note>
      <direction placement="below">
        <direction-type>
          <dynamics>
            <f />
          </dynamics>
        </direction-type>
      </direction>
      <note>
        <pitch>
          <step>E</step>
          <alter>-1</alter>
          <octave>5</octave>
        </pitch>
        <duration>60</duration>
        <voice>1</voice>
        <type>eighth</type>
        </note>
    </measure>
    <measure number="14">
      <note>
        <pitch>
          <step>E</step>
          <alter>-1</alter>
          <octave>5</octave>
        </pitch>
        <duration>120</duration>
        <voice>1</voice>
        <type>quarter</type>
      </note>
      <note>
        <pitch>
          <step>C</step>
          <octave>5</octave>
        </pitch>
        <duration>60</duration>
        <voice>1</voice>
        <type>eighth</type>
        </note>
      <note>
        <pitch>
          <step>A</step>
          <alter>-1</alter>
          <octave>4</octave>
        </pitch>
        <duration>120</duration>
        <voice>1</voice>
        <type>quarter</type>
      </note>
      <note>
        <pitch>
          <step>G</step>
          <octave>4</octave>
        </pitch>
        <duration>60</duration>
        <voice>1</voice>
        <type>eighth</type>
        </note>
    </measure>
    <measure number="15">
      <direction placement="below">
        <direction-type>
          <wedge type="diminuendo" />
        </direction-type>
      </direction>
      <note>
        <pitch>
          <step>B</step>
          <alter>-1</alter>
          <octave>4</octave>
        </pitch>
        <duration>120</duration>
        <voice>1</voice>
        <type>quarter</type>
        <notations>
          <slur number="1" type="start" />
        </notations>
      </note>
      <direction placement="below">
        <direction-type>
          <wedge type="stop" />
        </direction-type>
      </direction>
      <note>
        <pitch>
          <step>A</step>
          <alter>-1</alter>
          <octave>4</octave>
        </pitch>
        <duration>60</duration>
        <voice>1</voice>
        <type>eighth</type>
        <notations>
          <slur number="1" type="stop" />
        </notations>
      </note>
      <note>
        <pitch>
          <step>F</step>
          <octave>4</octave>
        </pitch>
        <duration>120</duration>
        <voice>1</voice>
        <type>quarter</type>
      </note>
      <note>
        <pitch>
          <step>F</step>
          <octave>4</octave>
        </pitch>
        <duration>60</duration>
        <voice>1</voice>
        <type>eighth</type>
        </note>
    </measure>
    <measure number="16">
      <note>
        <pitch>
          <step>E</step>
          <alter>-1</alter>
          <octave>4</octave>
        </pitch>
        <duration>60</duration>
        <voice>1</voice>
        <type>eighth</type>
        <beam number="1">begin</beam>
        <notations>
          <slur number="1" type="start" />
        </notations>
      </note>
      <note>
        <pitch>
          <step>A</step>
          <alter>-1</alter>
          <octave>4</octave>
        </pitch>
        <duration>60</duration>
        <voice>1</voice>
        <type>eighth</type>
        <beam number="1">end</beam>
        <notations>
          <slur number="1" type="stop" />
        </notations>
      </note>
      <note>
        <pitch>
          <step>C</step>
          <octave>5</octave>
        </pitch>
        <duration>60</duration>
        <voice>1</voice>
        <type>eighth</type>
        </note>
      <note>
        <pitch>
          <step>E</step>
          <alter>-1</alter>
          <octave>5</octave>
        </pitch>
        <duration>60</duration>
        <voice>1</voice>
        <type>eighth</type>
        <beam number="1">begin</beam>
        <notations>
          <slur number="1" type="start" />
        </notations>
      </note>
      <note>
        <pitch>
          <step>D</step>
          <alter>-1</alter>
          <octave>5</octave>
        </pitch>
        <duration>60</duration>
        <voice>1</voice>
        <type>eighth</type>
        <beam number="1">end</beam>
        <notations>
          <slur number="1" type="stop" />
        </notations>
      </note>
      <note>
        <pitch>
          <step>B</step>
          <alter>-1</alter>
          <octave>4</octave>
        </pitch>
        <duration>60</duration>
        <voice>1</voice>
        <type>eighth</type>
        </note>
    </measure>
    <measure number="17">
      <note>
        <pitch>
          <step>A</step>
          <alter>-1</alter>
          <octave>4</octave>
        </pitch>
        <duration>180</duration>
        <voice>1</voice>
        <type>quarter</type>
        <dot />
      </note>
      <note>
        <rest />
        <duration>120</duration>
        <voice>1</voice>
        <type>quarter</type>
      </note>
      <barline location="right">
        <bar-style>light-heavy</bar-style>
      </barline>
    </measure>
  </part>
  <part id="P2">
    <measure number="1">
      <attributes>
        <divisions>120</divisions>
        <key>
          <fifths>-4</fifths>
          <mode>major</mode>
        </key>
        <time>
          <beats>6</beats>
          <beat-type>8</beat-type>
        </time>
        <clef>
          <sign>G</sign>
          <line>2</line>
        </clef>
      </attributes>
      <note>
        <pitch>
          <step>E</step>
          <alter>-1</alter>
          <octave>4</octave>
        </pitch>
        <duration>60</duration>
        <voice>1</voice>
        <type>eighth</type>
        </note>
    </measure>
    <measure number="2">
      <note>
        <pitch>
          <step>E</step>
          <alter>-1</alter>
          <octave>4</octave>
        </pitch>
        <duration>120</duration>
        <voice>1</voice>
        <type>quarter</type>
      </note>
      <note>
        <pitch>
          <step>D</step>
          <alter>-1</alter>
          <octave>4</octave>
        </pitch>
        <duration>60</duration>
        <voice>1</voice>
        <type>eighth</type>
        </note>
      <note>
        <pitch>
          <step>C</step>
          <octave>4</octave>
        </pitch>
        <duration>120</duration>
        <voice>1</voice>
        <type>quarter</type>
      </note>
      <note>
        <pitch>
          <step>E</step>
          <alter>0</alter>
          <octave>4</octave>
        </pitch>
        <duration>60</duration>
        <voice>1</voice>
        <type>eighth</type>
        <accidental>natural</accidental>
        </note>
    </measure>
    <measure number="3">
      <note>
        <pitch>
          <step>F</step>
          <octave>4</octave>
        </pitch>
        <duration>120</duration>
        <voice>1</voice>
        <type>quarter</type>
      </note>
      <note>
        <pitch>
          <step>F</step>
          <octave>4</octave>
        </pitch>
        <duration>60</duration>
        <voice>1</voice>
        <type>eighth</type>
        </note>
      <note>
        <pitch>
          <step>D</step>
          <alter>-1</alter>
          <octave>4</octave>
        </pitch>
        <duration>120</duration>
        <voice>1</voice>
        <type>quarter</type>
      </note>
      <note>
        <pitch>
          <step>D</step>
          <alter>-1</alter>
          <octave>4</octave>
        </pitch>
        <duration>60</duration>
        <voice>1</voice>
        <type>eighth</type>
        </note>
    </measure>
    <measure number="4">
      <note>
        <pitch>
          <step>C</step>
          <octave>4</octave>
        </pitch>
        <duration>120</duration>
        <voice>1</voice>
        <type>quarter</type>
      </note>
      <note>
        <pitch>
          <step>E</step>
          <alter>-1</alter>
          <octave>4</octave>
        </pitch>
        <duration>60</duration>
        <voice>1</voice>
        <type>eighth</type>
        </note>
      <note>
        <pitch>
          <step>E</step>
          <alter>-1</alter>
          <octave>4</octave>
        </pitch>
        <duration>60</duration>
        <voice>1</voice>
        <type>eighth</type>
        <beam number="1">begin</beam>
        <notations>
          <slur number="1" type="start" />
        </notations>
      </note>
      <note>
        <pitch>
          <step>F</step>
          <octave>4</octave>
        </pitch>
        <duration>60</duration>
        <voice>1</voice>
        <type>eighth</type>
        <beam number="1">end</beam>
        <notations>
          <slur number="1" type="stop" />
        </notations>
      </note>
      <note>
        <pitch>
          <step>G</step>
          <octave>4</octave>
        </pitch>
        <duration>60</duration>
        <voice>1</voice>
        <type>eighth</type>
        </note>
    </measure>
    <measure number="5">
      <note>
        <pitch>
          <step>A</step>
          <alter>-1</alter>
          <octave>4</octave>
        </pitch>
        <duration>180</duration>
        <voice>1</voice>
        <type>quarter</type>
        <dot />
      </note>
      <note>
        <rest />
        <duration>120</duration>
        <voice>1</voice>
        <type>quarter</type>
      </note>
      <note>
        <pitch>
          <step>E</step>
          <alter>-1</alter>
          <octave>4</octave>
        </pitch>
        <duration>60</duration>
        <voice>1</voice>
        <type>eighth</type>
        </note>
    </measure>
    <measure number="6">
      <note>
        <pitch>
          <step>E</step>
          <alter>-1</alter>
          <octave>4</octave>
        </pitch>
        <duration>120</duration>
        <voice>1</voice>
        <type>quarter</type>
      </note>
      <note>
        <pitch>
          <step>D</step>
          <alter>-1</alter>
          <octave>4</octave>
        </pitch>
        <duration>60</duration>
        <voice>1</voice>
        <type>eighth</type>
        </note>
      <note>
        <pitch>
          <step>C</step>
          <octave>4</octave>
        </pitch>
        <duration>120</duration>
        <voice>1</voice>
        <type>quarter</type>
      </note>
      <note>
        <pitch>
          <step>E</step>
          <alter>0</alter>
          <octave>4</octave>
        </pitch>
        <duration>60</duration>
        <voice>1</voice>
        <type>eighth</type>
        <accidental>natural</accidental>
        </note>
    </measure>
    <measure number="7">
      <note>
        <pitch>
          <step>F</step>
          <octave>4</octave>
        </pitch>
        <duration>120</duration>
        <voice>1</voice>
        <type>quarter</type>
      </note>
      <note>
        <pitch>
          <step>F</step>
          <octave>4</octave>
        </pitch>
        <duration>60</duration>
        <voice>1</voice>
        <type>eighth</type>
        </note>
      <note>
        <pitch>
          <step>D</step>
          <alter>-1</alter>
          <octave>4</octave>
        </pitch>
        <duration>120</duration>
        <voice>1</voice>
        <type>quarter</type>
      </note>
      <note>
        <pitch>
          <step>D</step>
          <alter>-1</alter>
          <octave>4</octave>
        </pitch>
        <duration>60</duration>
        <voice>1</voice>
        <type>eighth</type>
        </note>
    </measure>
    <measure number="8">
      <note>
        <pitch>
          <step>C</step>
          <octave>4</octave>
        </pitch>
        <duration>120</duration>
        <voice>1</voice>
        <type>quarter</type>
      </note>
      <note>
        <pitch>
          <step>E</step>
          <alter>-1</alter>
          <octave>4</octave>
        </pitch>
        <duration>60</duration>
        <voice>1</voice>
        <type>eighth</type>
        </note>
      <note>
        <pitch>
          <step>G</step>
          <octave>4</octave>
        </pitch>
        <duration>120</duration>
        <voice>1</voice>
        <type>quarter</type>
      </note>
      <note>
        <pitch>
          <step>G</step>
          <octave>4</octave>
        </pitch>
        <duration>60</duration>
        <voice>1</voice>
        <type>eighth</type>
        </note>
    </measure>
    <measure number="9">
      <note>
        <pitch>
          <step>A</step>
          <alter>-1</alter>
          <octave>4</octave>
        </pitch>
        <duration>180</duration>
        <voice>1</voice>
        <type>quarter</type>
        <dot />
      </note>
      <note>
        <rest />
        <duration>120</duration>
        <voice>1</voice>
        <type>quarter</type>
      </note>
      <note>
        <pitch>
          <step>E</step>
          <alter>-1</alter>
          <octave>4</octave>
        </pitch>
        <duration>60</duration>
        <voice>1</voice>
        <type>eighth</type>
        </note>
    </measure>
    <measure number="10">
      <note>
        <pitch>
          <step>F</step>
          <octave>4</octave>
        </pitch>
        <duration>120</duration>
        <voice>1</voice>
        <type>quarter</type>
      </note>
      <note>
        <pitch>
          <step>E</step>
          <alter>-1</alter>
          <octave>4</octave>
        </pitch>
        <duration>60</duration>
        <voice>1</voice>
        <type>eighth</type>
        </note>
      <note>
        <pitch>
          <step>E</step>
          <alter>-1</alter>
          <octave>4</octave>
        </pitch>
        <duration>120</duration>
        <voice>1</voice>
        <type>quarter</type>
      </note>
      <note>
        <pitch>
          <step>E</step>
          <alter>-1</alter>
          <octave>4</octave>
        </pitch>
        <duration>60</duration>
        <voice>1</voice>
        <type>eighth</type>
        </note>
    </measure>
    <measure number="11">
      <direction placement="below">
        <direction-type>
          <wedge type="diminuendo" />
        </direction-type>
      </direction>
      <note>
        <pitch>
          <step>E</step>
          <alter>0</alter>
          <octave>4</octave>
        </pitch>
        <duration>180</duration>
        <voice>1</voice>
        <type>quarter</type>
        <dot />
        <accidental>natural</accidental>
      </note>
      <direction placement="below">
        <direction-type>
          <wedge type="stop" />
        </direction-type>
      </direction>
      <note>
        <pitch>
          <step>F</step>
          <octave>4</octave>
        </pitch>
        <duration>120</duration>
        <voice>1</voice>
        <type>quarter</type>
      </note>
      <note>
        <pitch>
          <step>F</step>
          <octave>4</octave>
        </pitch>
        <duration>60</duration>
        <voice>1</voice>
        <type>eighth</type>
        </note>
    </measure>
    <measure number="12">
      <note>
        <pitch>
          <step>G</step>
          <alter>-1</alter>
          <octave>4</octave>
        </pitch>
        <duration>120</duration>
        <voice>1</voice>
        <type>quarter</type>
        <accidental>flat</accidental>
      </note>
      <note>
        <pitch>
          <step>G</step>
          <alter>-1</alter>
          <octave>4</octave>
        </pitch>
        <duration>60</duration>
        <voice>1</voice>
        <type>eighth</type>
        </note>
      <note>
        <pitch>
          <step>F</step>
          <octave>4</octave>
        </pitch>
        <duration>120</duration>
        <voice>1</voice>
        <type>quarter</type>
      </note>
      <note>
        <pitch>
          <step>F</step>
          <octave>4</octave>
        </pitch>
        <duration>60</duration>
        <voice>1</voice>
        <type>eighth</type>
        </note>
    </measure>
    <measure number="13">
      <note>
        <pitch>
          <step>E</step>
          <alter>-1</alter>
          <octave>4</octave>
        </pitch>
        <duration>180</duration>
        <tie type="start" />
        <voice>1</voice>
        <type>quarter</type>
        <dot />
        <notations>
          <tied type="start" />
        </notations>
      </note>
      <note>
        <pitch>
          <step>E</step>
          <alter>-1</alter>
          <octave>4</octave>
        </pitch>
        <duration>120</duration>
        <tie type="stop" />
        <voice>1</voice>
        <type>quarter</type>
        <notations>
          <tied type="stop" />
        </notations>
      </note>
      <direction placement="below">
        <direction-type>
          <dynamics>
            <f />
          </dynamics>
        </direction-type>
      </direction>
      <note>
        <pitch>
          <step>G</step>
          <octave>4</octave>
        </pitch>
        <duration>60</duration>
        <voice>1</voice>
        <type>eighth</type>
        </note>
    </measure>
    <measure number="14">
      <note>
        <pitch>
          <step>A</step>
          <alter>-1</alter>
          <octave>4</octave>
        </pitch>
        <duration>120</duration>
        <voice>1</voice>
        <type>quarter</type>
      </note>
      <note>
        <pitch>
          <step>E</step>
          <alter>-1</alter>
          <octave>4</octave>
        </pitch>
        <duration>60</duration>
        <voice>1</voice>
        <type>eighth</type>
        </note>
      <note>
        <pitch>
          <step>E</step>
          <alter>-1</alter>
          <octave>4</octave>
        </pitch>
        <duration>120</duration>
        <voice>1</voice>
        <type>quarter</type>
      </note>
      <note>
        <pitch>
          <step>E</step>
          <alter>0</alter>
          <octave>4</octave>
        </pitch>
        <duration>60</duration>
        <voice>1</voice>
        <type>eighth</type>
        <accidental>natural</accidental>
        </note>
    </measure>
    <measure number="15">
      <direction placement="below">
        <direction-type>
          <wedge type="diminuendo" />
        </direction-type>
      </direction>
      <note>
        <pitch>
          <step>F</step>
          <octave>4</octave>
        </pitch>
        <duration>180</duration>
        <voice>1</voice>
        <type>quarter</type>
        <dot />
      </note>
      <direction placement="below">
        <direction-type>
          <wedge type="stop" />
        </direction-type>
      </direction>
      <note>
        <pitch>
          <step>D</step>
          <alter>-1</alter>
          <octave>4</octave>
        </pitch>
        <duration>120</duration>
        <voice>1</voice>
        <type>quarter</type>
      </note>
      <note>
        <pitch>
          <step>D</step>
          <alter>-1</alter>
          <octave>4</octave>
        </pitch>
        <duration>60</duration>
        <voice>1</voice>
        <type>eighth</type>
        </note>
    </measure>
    <measure number="16">
      <note>
        <pitch>
          <step>C</step>
          <octave>4</octave>
        </pitch>
        <duration>120</duration>
        <voice>1</voice>
        <type>quarter</type>
      </note>
      <note>
        <pitch>
          <step>E</step>
          <alter>-1</alter>
          <octave>4</octave>
        </pitch>
        <duration>60</duration>
        <voice>1</voice>
        <type>eighth</type>
        </note>
      <note>
        <pitch>
          <step>G</step>
          <octave>4</octave>
        </pitch>
        <duration>120</duration>
        <voice>1</voice>
        <type>quarter</type>
      </note>
      <note>
        <pitch>
          <step>G</step>
          <octave>4</octave>
        </pitch>
        <duration>60</duration>
        <voice>1</voice>
        <type>eighth</type>
        </note>
    </measure>
    <measure number="17">
      <note>
        <pitch>
          <step>A</step>
          <alter>-1</alter>
          <octave>4</octave>
        </pitch>
        <duration>180</duration>
        <voice>1</voice>
        <type>quarter</type>
        <dot />
      </note>
      <note>
        <rest />
        <duration>120</duration>
        <voice>1</voice>
        <type>quarter</type>
      </note>
      <barline location="right">
        <bar-style>light-heavy</bar-style>
      </barline>
    </measure>
  </part>
  <part id="P3">
    <measure number="1">
      <attributes>
        <divisions>120</divisions>
        <key>
          <fifths>-4</fifths>
          <mode>major</mode>
        </key>
        <time>
          <beats>6</beats>
          <beat-type>8</beat-type>
        </time>
        <clef>
          <sign>G</sign>
          <line>2</line>
          <clef-octave-change>-1</clef-octave-change>
        </clef>
      </attributes>
      <note>
        <pitch>
          <step>E</step>
          <alter>-1</alter>
          <octave>3</octave>
        </pitch>
        <duration>60</duration>
        <voice>1</voice>
        <type>eighth</type>
        </note>
    </measure>
    <measure number="2">
      <note>
        <pitch>
          <step>A</step>
          <alter>-1</alter>
          <octave>3</octave>
        </pitch>
        <duration>120</duration>
        <voice>1</voice>
        <type>quarter</type>
      </note>
      <note>
        <pitch>
          <step>G</step>
          <octave>3</octave>
        </pitch>
        <duration>60</duration>
        <voice>1</voice>
        <type>eighth</type>
        </note>
      <note>
        <pitch>
          <step>A</step>
          <alter>-1</alter>
          <octave>3</octave>
        </pitch>
        <duration>120</duration>
        <voice>1</voice>
        <type>quarter</type>
      </note>
      <note>
        <pitch>
          <step>B</step>
          <alter>-1</alter>
          <octave>3</octave>
        </pitch>
        <duration>60</duration>
        <voice>1</voice>
        <type>eighth</type>
        </note>
    </measure>
    <measure number="3">
      <note>
        <pitch>
          <step>A</step>
          <alter>-1</alter>
          <octave>3</octave>
        </pitch>
        <duration>120</duration>
        <voice>1</voice>
        <type>quarter</type>
      </note>
      <note>
        <pitch>
          <step>A</step>
          <alter>-1</alter>
          <octave>3</octave>
        </pitch>
        <duration>60</duration>
        <voice>1</voice>
        <type>eighth</type>
        </note>
      <note>
        <pitch>
          <step>A</step>
          <alter>-1</alter>
          <octave>3</octave>
        </pitch>
        <duration>120</duration>
        <voice>1</voice>
        <type>quarter</type>
      </note>
      <note>
        <pitch>
          <step>A</step>
          <alter>-1</alter>
          <octave>3</octave>
        </pitch>
        <duration>60</duration>
        <voice>1</voice>
        <type>eighth</type>
        </note>
    </measure>
    <measure number="4">
      <note>
        <pitch>
          <step>A</step>
          <alter>-1</alter>
          <octave>3</octave>
        </pitch>
        <duration>120</duration>
        <voice>1</voice>
        <type>quarter</type>
      </note>
      <note>
        <pitch>
          <step>C</step>
          <octave>4</octave>
        </pitch>
        <duration>60</duration>
        <voice>1</voice>
        <type>eighth</type>
        </note>
      <note>
        <pitch>
          <step>D</step>
          <alter>-1</alter>
          <octave>4</octave>
        </pitch>
        <duration>120</duration>
        <voice>1</voice>
        <type>quarter</type>
      </note>
      <note>
        <pitch>
          <step>D</step>
          <alter>-1</alter>
          <octave>4</octave>
        </pitch>
        <duration>60</duration>
        <voice>1</voice>
        <type>eighth</type>
        </note>
    </measure>
    <measure number="5">
      <note>
        <pitch>
          <step>C</step>
          <octave>4</octave>
        </pitch>
        <duration>180</duration>
        <voice>1</voice>
        <type>quarter</type>
        <dot />
      </note>
      <note>
        <rest />
        <duration>120</duration>
        <voice>1</voice>
        <type>quarter</type>
      </note>
      <note>
        <pitch>
          <step>C</step>
          <octave>4</octave>
        </pitch>
        <duration>60</duration>
        <voice>1</voice>
        <type>eighth</type>
        </note>
    </measure>
    <measure number="6">
      <note>
        <pitch>
          <step>E</step>
          <alter>-1</alter>
          <octave>4</octave>
        </pitch>
        <duration>120</duration>
        <voice>1</voice>
        <type>quarter</type>
      </note>
      <note>
        <pitch>
          <step>G</step>
          <octave>3</octave>
        </pitch>
        <duration>60</duration>
        <voice>1</voice>
        <type>eighth</type>
        </note>
      <note>
        <pitch>
          <step>A</step>
          <alter>-1</alter>
          <octave>3</octave>
        </pitch>
        <duration>120</duration>
        <voice>1</voice>
        <type>quarter</type>
      </note>
      <note>
        <pitch>
          <step>B</step>
          <alter>-1</alter>
          <octave>3</octave>
        </pitch>
        <duration>60</duration>
        <voice>1</voice>
        <type>eighth</type>
        </note>
    </measure>
    <measure number="7">
      <note>
        <pitch>
          <step>A</step>
          <alter>-1</alter>
          <octave>3</octave>
        </pitch>
        <duration>120</duration>
        <voice>1</voice>
        <type>quarter</type>
      </note>
      <note>
        <pitch>
          <step>A</step>
          <alter>-1</alter>
          <octave>3</octave>
        </pitch>
        <duration>60</duration>
        <voice>1</voice>
        <type>eighth</type>
        </note>
      <note>
        <pitch>
          <step>A</step>
          <alter>-1</alter>
          <octave>3</octave>
        </pitch>
        <duration>120</duration>
        <voice>1</voice>
        <type>quarter</type>
      </note>
      <note>
        <pitch>
          <step>A</step>
          <alter>-1</alter>
          <octave>3</octave>
        </pitch>
        <duration>60</duration>
        <voice>1</voice>
        <type>eighth</type>
        </note>
    </measure>
    <measure number="8">
      <note>
        <pitch>
          <step>A</step>
          <alter>-1</alter>
          <octave>3</octave>
        </pitch>
        <duration>120</duration>
        <voice>1</voice>
        <type>quarter</type>
      </note>
      <note>
        <pitch>
          <step>A</step>
          <alter>-1</alter>
          <octave>3</octave>
        </pitch>
        <duration>60</duration>
        <voice>1</voice>
        <type>eighth</type>
        </note>
      <note>
        <pitch>
          <step>B</step>
          <alter>-1</alter>
          <octave>3</octave>
        </pitch>
        <duration>120</duration>
        <voice>1</voice>
        <type>quarter</type>
      </note>
      <note>
        <pitch>
          <step>D</step>
          <alter>-1</alter>
          <octave>4</octave>
        </pitch>
        <duration>60</duration>
        <voice>1</voice>
        <type>eighth</type>
        </note>
    </measure>
    <measure number="9">
      <note>
        <pitch>
          <step>C</step>
          <octave>4</octave>
        </pitch>
        <duration>180</duration>
        <voice>1</voice>
        <type>quarter</type>
        <dot />
      </note>
      <note>
        <rest />
        <duration>120</duration>
        <voice>1</voice>
        <type>quarter</type>
      </note>
      <note>
        <pitch>
          <step>A</step>
          <alter>-1</alter>
          <octave>3</octave>
        </pitch>
        <duration>60</duration>
        <voice>1</voice>
        <type>eighth</type>
        </note>
    </measure>
    <measure number="10">
      <note>
        <pitch>
          <step>B</step>
          <alter>-1</alter>
          <octave>3</octave>
        </pitch>
        <duration>120</duration>
        <voice>1</voice>
        <type>quarter</type>
      </note>
      <note>
        <pitch>
          <step>A</step>
          <alter>-1</alter>
          <octave>3</octave>
        </pitch>
        <duration>60</duration>
        <voice>1</voice>
        <type>eighth</type>
        </note>
      <note>
        <pitch>
          <step>G</step>
          <octave>3</octave>
        </pitch>
        <duration>120</duration>
        <voice>1</voice>
        <type>quarter</type>
      </note>
      <note>
        <pitch>
          <step>G</step>
          <octave>3</octave>
        </pitch>
        <duration>60</duration>
        <voice>1</voice>
        <type>eighth</type>
        </note>
    </measure>
    <measure number="11">
      <direction placement="below">
        <direction-type>
          <wedge type="diminuendo" />
        </direction-type>
      </direction>
      <note>
        <pitch>
          <step>A</step>
          <alter>-1</alter>
          <octave>3</octave>
        </pitch>
        <duration>120</duration>
        <voice>1</voice>
        <type>quarter</type>
        <notations>
          <slur number="1" type="start" />
        </notations>
      </note>
      <direction placement="below">
        <direction-type>
          <wedge type="stop" />
        </direction-type>
      </direction>
      <note>
        <pitch>
          <step>G</step>
          <octave>3</octave>
        </pitch>
        <duration>60</duration>
        <voice>1</voice>
        <type>eighth</type>
        <notations>
          <slur number="1" type="stop" />
        </notations>
      </note>
      <note>
        <pitch>
          <step>A</step>
          <alter>-1</alter>
          <octave>3</octave>
        </pitch>
        <duration>120</duration>
        <voice>1</voice>
        <type>quarter</type>
      </note>
      <note>
        <pitch>
          <step>C</step>
          <octave>4</octave>
        </pitch>
        <duration>60</duration>
        <voice>1</voice>
        <type>eighth</type>
        </note>
    </measure>
    <measure number="12">
      <note>
        <pitch>
          <step>E</step>
          <alter>-1</alter>
          <octave>4</octave>
        </pitch>
        <duration>120</duration>
        <voice>1</voice>
        <type>quarter</type>
      </note>
      <note>
        <pitch>
          <step>E</step>
          <alter>-1</alter>
          <octave>4</octave>
        </pitch>
        <duration>60</duration>
        <voice>1</voice>
        <type>eighth</type>
        </note>
      <note>
        <pitch>
          <step>D</step>
          <alter>-1</alter>
          <octave>4</octave>
        </pitch>
        <duration>120</duration>
        <voice>1</voice>
        <type>quarter</type>
      </note>
      <note>
        <pitch>
          <step>D</step>
          <alter>-1</alter>
          <octave>4</octave>
        </pitch>
        <duration>60</duration>
        <voice>1</voice>
        <type>eighth</type>
        </note>
    </measure>
    <measure number="13">
      <note>
        <pitch>
          <step>C</step>
          <octave>4</octave>
        </pitch>
        <duration>180</duration>
        <voice>1</voice>
        <type>quarter</type>
        <dot />
        <notations>
          <slur number="1" type="start" />
        </notations>
      </note>
      <note>
        <pitch>
          <step>B</step>
          <alter>-1</alter>
          <octave>3</octave>
        </pitch>
        <duration>120</duration>
        <voice>1</voice>
        <type>quarter</type>
        <notations>
          <slur number="1" type="stop" />
        </notations>
      </note>
      <direction placement="below">
        <direction-type>
          <dynamics>
            <f />
          </dynamics>
        </direction-type>
      </direction>
      <note>
        <pitch>
          <step>D</step>
          <alter>-1</alter>
          <octave>4</octave>
        </pitch>
        <duration>60</duration>
        <voice>1</voice>
        <type>eighth</type>
        </note>
    </measure>
    <measure number="14">
      <note>
        <pitch>
          <step>C</step>
          <octave>4</octave>
        </pitch>
        <duration>120</duration>
        <voice>1</voice>
        <type>quarter</type>
      </note>
      <note>
        <pitch>
          <step>C</step>
          <octave>4</octave>
        </pitch>
        <duration>60</duration>
        <voice>1</voice>
        <type>eighth</type>
        </note>
      <note>
        <pitch>
          <step>C</step>
          <octave>4</octave>
        </pitch>
        <duration>120</duration>
        <voice>1</voice>
        <type>quarter</type>
      </note>
      <note>
        <pitch>
          <step>A</step>
          <alter>-1</alter>
          <octave>3</octave>
        </pitch>
        <duration>60</duration>
        <voice>1</voice>
        <type>eighth</type>
        </note>
    </measure>
    <measure number="15">
      <direction placement="below">
        <direction-type>
          <wedge type="diminuendo" />
        </direction-type>
      </direction>
      <note>
        <pitch>
          <step>A</step>
          <alter>-1</alter>
          <octave>3</octave>
        </pitch>
        <duration>180</duration>
        <voice>1</voice>
        <type>quarter</type>
        <dot />
      </note>
      <direction placement="below">
        <direction-type>
          <wedge type="stop" />
        </direction-type>
      </direction>
      <note>
        <pitch>
          <step>A</step>
          <alter>-1</alter>
          <octave>3</octave>
        </pitch>
        <duration>120</duration>
        <voice>1</voice>
        <type>quarter</type>
      </note>
      <note>
        <pitch>
          <step>A</step>
          <alter>-1</alter>
          <octave>3</octave>
        </pitch>
        <duration>60</duration>
        <voice>1</voice>
        <type>eighth</type>
        </note>
    </measure>
    <measure number="16">
      <note>
        <pitch>
          <step>A</step>
          <alter>-1</alter>
          <octave>3</octave>
        </pitch>
        <duration>120</duration>
        <voice>1</voice>
        <type>quarter</type>
      </note>
      <note>
        <pitch>
          <step>A</step>
          <alter>-1</alter>
          <octave>3</octave>
        </pitch>
        <duration>60</duration>
        <voice>1</voice>
        <type>eighth</type>
        </note>
      <note>
        <pitch>
          <step>B</step>
          <alter>-1</alter>
          <octave>3</octave>
        </pitch>
        <duration>120</duration>
        <voice>1</voice>
        <type>quarter</type>
      </note>
      <note>
        <pitch>
          <step>D</step>
          <alter>-1</alter>
          <octave>4</octave>
        </pitch>
        <duration>60</duration>
        <voice>1</voice>
        <type>eighth</type>
        </note>
    </measure>
    <measure number="17">
      <note>
        <pitch>
          <step>C</step>
          <octave>4</octave>
        </pitch>
        <duration>180</duration>
        <voice>1</voice>
        <type>quarter</type>
        <dot />
      </note>
      <note>
        <rest />
        <duration>120</duration>
        <voice>1</voice>
        <type>quarter</type>
      </note>
      <barline location="right">
        <bar-style>light-heavy</bar-style>
      </barline>
    </measure>
  </part>
  <part id="P4">
    <measure number="1">
      <attributes>
        <divisions>120</divisions>
        <key>
          <fifths>-4</fifths>
          <mode>major</mode>
        </key>
        <time>
          <beats>6</beats>
          <beat-type>8</beat-type>
        </time>
        <clef>
          <sign>F</sign>
          <line>4</line>
        </clef>
      </attributes>
      <note>
        <pitch>
          <step>E</step>
          <alter>-1</alter>
          <octave>3</octave>
        </pitch>
        <duration>60</duration>
        <voice>1</voice>
        <type>eighth</type>
        </note>
    </measure>
    <measure number="2">
      <note>
        <pitch>
          <step>A</step>
          <alter>-1</alter>
          <octave>2</octave>
        </pitch>
        <duration>120</duration>
        <voice>1</voice>
        <type>quarter</type>
      </note>
      <note>
        <pitch>
          <step>E</step>
          <alter>-1</alter>
          <octave>3</octave>
        </pitch>
        <duration>60</duration>
        <voice>1</voice>
        <type>eighth</type>
        </note>
      <note>
        <pitch>
          <step>F</step>
          <octave>3</octave>
        </pitch>
        <duration>120</duration>
        <voice>1</voice>
        <type>quarter</type>
      </note>
      <note>
        <pitch>
          <step>C</step>
          <octave>3</octave>
        </pitch>
        <duration>60</duration>
        <voice>1</voice>
        <type>eighth</type>
        </note>
    </measure>
    <measure number="3">
      <note>
        <pitch>
          <step>D</step>
          <alter>-1</alter>
          <octave>3</octave>
        </pitch>
        <duration>120</duration>
        <voice>1</voice>
        <type>quarter</type>
      </note>
      <note>
        <pitch>
          <step>D</step>
          <alter>-1</alter>
          <octave>3</octave>
        </pitch>
        <duration>60</duration>
        <voice>1</voice>
        <type>eighth</type>
        </note>
      <note>
        <pitch>
          <step>D</step>
          <alter>-1</alter>
          <octave>3</octave>
        </pitch>
        <duration>120</duration>
        <voice>1</voice>
        <type>quarter</type>
      </note>
      <note>
        <pitch>
          <step>D</step>
          <alter>-1</alter>
          <octave>3</octave>
        </pitch>
        <duration>60</duration>
        <voice>1</voice>
        <type>eighth</type>
        </note>
    </measure>
    <measure number="4">
      <note>
        <pitch>
          <step>E</step>
          <alter>-1</alter>
          <octave>3</octave>
        </pitch>
        <duration>120</duration>
        <voice>1</voice>
        <type>quarter</type>
      </note>
      <note>
        <pitch>
          <step>E</step>
          <alter>-1</alter>
          <octave>3</octave>
        </pitch>
        <duration>60</duration>
        <voice>1</voice>
        <type>eighth</type>
        </note>
      <note>
        <pitch>
          <step>E</step>
          <alter>-1</alter>
          <octave>3</octave>
        </pitch>
        <duration>120</duration>
        <voice>1</voice>
        <type>quarter</type>
      </note>
      <note>
        <pitch>
          <step>E</step>
          <alter>-1</alter>
          <octave>3</octave>
        </pitch>
        <duration>60</duration>
        <voice>1</voice>
        <type>eighth</type>
        </note>
    </measure>
    <measure number="5">
      <note>
        <pitch>
          <step>A</step>
          <alter>-1</alter>
          <octave>2</octave>
        </pitch>
        <duration>180</duration>
        <voice>1</voice>
        <type>quarter</type>
        <dot />
      </note>
      <note>
        <rest />
        <duration>120</duration>
        <voice>1</voice>
        <type>quarter</type>
      </note>
      <note>
        <pitch>
          <step>A</step>
          <alter>-1</alter>
          <octave>3</octave>
        </pitch>
        <duration>60</duration>
        <voice>1</voice>
        <type>eighth</type>
        </note>
    </measure>
    <measure number="6">
      <note>
        <pitch>
          <step>A</step>
          <alter>-1</alter>
          <octave>3</octave>
        </pitch>
        <duration>120</duration>
        <voice>1</voice>
        <type>quarter</type>
      </note>
      <note>
        <pitch>
          <step>E</step>
          <alter>-1</alter>
          <octave>3</octave>
        </pitch>
        <duration>60</duration>
        <voice>1</voice>
        <type>eighth</type>
        </note>
      <note>
        <pitch>
          <step>F</step>
          <octave>3</octave>
        </pitch>
        <duration>120</duration>
        <voice>1</voice>
        <type>quarter</type>
      </note>
      <note>
        <pitch>
          <step>C</step>
          <octave>3</octave>
        </pitch>
        <duration>60</duration>
        <voice>1</voice>
        <type>eighth</type>
        </note>
    </measure>
    <measure number="7">
      <note>
        <pitch>
          <step>D</step>
          <alter>-1</alter>
          <octave>3</octave>
        </pitch>
        <duration>120</duration>
        <voice>1</voice>
        <type>quarter</type>
      </note>
      <note>
        <pitch>
          <step>D</step>
          <alter>-1</alter>
          <octave>3</octave>
        </pitch>
        <duration>60</duration>
        <voice>1</voice>
        <type>eighth</type>
        </note>
      <note>
        <pitch>
          <step>D</step>
          <alter>-1</alter>
          <octave>3</octave>
        </pitch>
        <duration>120</duration>
        <voice>1</voice>
        <type>quarter</type>
      </note>
      <note>
        <pitch>
          <step>D</step>
          <alter>-1</alter>
          <octave>3</octave>
        </pitch>
        <duration>60</duration>
        <voice>1</voice>
        <type>eighth</type>
        </note>
    </measure>
    <measure number="8">
      <note>
        <pitch>
          <step>E</step>
          <alter>-1</alter>
          <octave>3</octave>
        </pitch>
        <duration>120</duration>
        <voice>1</voice>
        <type>quarter</type>
      </note>
      <note>
        <pitch>
          <step>E</step>
          <alter>-1</alter>
          <octave>3</octave>
        </pitch>
        <duration>60</duration>
        <voice>1</voice>
        <type>eighth</type>
        </note>
      <note>
        <pitch>
          <step>E</step>
          <alter>-1</alter>
          <octave>3</octave>
        </pitch>
        <duration>120</duration>
        <voice>1</voice>
        <type>quarter</type>
      </note>
      <note>
        <pitch>
          <step>E</step>
          <alter>-1</alter>
          <octave>3</octave>
        </pitch>
        <duration>60</duration>
        <voice>1</voice>
        <type>eighth</type>
        </note>
    </measure>
    <measure number="9">
      <note>
        <pitch>
          <step>A</step>
          <alter>-1</alter>
          <octave>2</octave>
        </pitch>
        <duration>180</duration>
        <voice>1</voice>
        <type>quarter</type>
        <dot />
      </note>
      <note>
        <rest />
        <duration>120</duration>
        <voice>1</voice>
        <type>quarter</type>
      </note>
      <note>
        <pitch>
          <step>A</step>
          <alter>-1</alter>
          <octave>3</octave>
        </pitch>
        <duration>60</duration>
        <voice>1</voice>
        <type>eighth</type>
        </note>
    </measure>
    <measure number="10">
      <note>
        <pitch>
          <step>G</step>
          <octave>3</octave>
        </pitch>
        <duration>120</duration>
        <voice>1</voice>
        <type>quarter</type>
      </note>
      <note>
        <pitch>
          <step>A</step>
          <alter>-1</alter>
          <octave>3</octave>
        </pitch>
        <duration>60</duration>
        <voice>1</voice>
        <type>eighth</type>
        </note>
      <note>
        <pitch>
          <step>E</step>
          <alter>-1</alter>
          <octave>3</octave>
        </pitch>
        <duration>120</duration>
        <voice>1</voice>
        <type>quarter</type>
      </note>
      <note>
        <pitch>
          <step>E</step>
          <alter>-1</alter>
          <octave>3</octave>
        </pitch>
        <duration>60</duration>
        <voice>1</voice>
        <type>eighth</type>
        </note>
    </measure>
    <measure number="11">
      <direction placement="below">
        <direction-type>
          <wedge type="diminuendo" />
        </direction-type>
      </direction>
      <note>
        <pitch>
          <step>C</step>
          <octave>3</octave>
        </pitch>
        <duration>180</duration>
        <voice>1</voice>
        <type>quarter</type>
        <dot />
      </note>
      <direction placement="below">
        <direction-type>
          <wedge type="stop" />
        </direction-type>
      </direction>
      <note>
        <pitch>
          <step>F</step>
          <octave>3</octave>
        </pitch>
        <duration>120</duration>
        <voice>1</voice>
        <type>quarter</type>
      </note>
      <note>
        <pitch>
          <step>F</step>
          <octave>3</octave>
        </pitch>
        <duration>60</duration>
        <voice>1</voice>
        <type>eighth</type>
        </note>
    </measure>
    <measure number="12">
      <note>
        <pitch>
          <step>C</step>
          <octave>3</octave>
        </pitch>
        <duration>120</duration>
        <voice>1</voice>
        <type>quarter</type>
      </note>
      <note>
        <pitch>
          <step>C</step>
          <octave>3</octave>
        </pitch>
        <duration>60</duration>
        <voice>1</voice>
        <type>eighth</type>
        </note>
      <note>
        <pitch>
          <step>D</step>
          <alter>-1</alter>
          <octave>3</octave>
        </pitch>
        <duration>120</duration>
        <voice>1</voice>
        <type>quarter</type>
      </note>
      <note>
        <pitch>
          <step>D</step>
          <alter>-1</alter>
          <octave>3</octave>
        </pitch>
        <duration>60</duration>
        <voice>1</voice>
        <type>eighth</type>
        </note>
    </measure>
    <measure number="13">
      <note>
        <pitch>
          <step>E</step>
          <alter>-1</alter>
          <octave>3</octave>
        </pitch>
        <duration>180</duration>
        <tie type="start" />
        <voice>1</voice>
        <type>quarter</type>
        <dot />
        <notations>
          <tied type="start" />
        </notations>
      </note>
      <note>
        <pitch>
          <step>E</step>
          <alter>-1</alter>
          <octave>3</octave>
        </pitch>
        <duration>120</duration>
        <tie type="stop" />
        <voice>1</voice>
        <type>quarter</type>
        <notations>
          <tied type="stop" />
        </notations>
      </note>
      <direction placement="below">
        <direction-type>
          <dynamics>
            <f />
          </dynamics>
        </direction-type>
      </direction>
      <note>
        <pitch>
          <step>E</step>
          <alter>-1</alter>
          <octave>3</octave>
        </pitch>
        <duration>60</duration>
        <voice>1</voice>
        <type>eighth</type>
        </note>
    </measure>
    <measure number="14">
      <note>
        <pitch>
          <step>A</step>
          <alter>-1</alter>
          <octave>3</octave>
        </pitch>
        <duration>120</duration>
        <voice>1</voice>
        <type>quarter</type>
      </note>
      <note>
        <pitch>
          <step>A</step>
          <alter>-1</alter>
          <octave>3</octave>
        </pitch>
        <duration>60</duration>
        <voice>1</voice>
        <type>eighth</type>
        </note>
      <note>
        <pitch>
          <step>A</step>
          <alter>-1</alter>
          <octave>3</octave>
        </pitch>
        <duration>120</duration>
        <voice>1</voice>
        <type>quarter</type>
      </note>
      <note>
        <pitch>
          <step>C</step>
          <octave>3</octave>
        </pitch>
        <duration>60</duration>
        <voice>1</voice>
        <type>eighth</type>
        </note>
    </measure>
    <measure number="15">
      <direction placement="below">
        <direction-type>
          <wedge type="diminuendo" />
        </direction-type>
      </direction>
      <note>
        <pitch>
          <step>D</step>
          <alter>-1</alter>
          <octave>3</octave>
        </pitch>
        <duration>180</duration>
        <voice>1</voice>
        <type>quarter</type>
        <dot />
      </note>
      <direction placement="below">
        <direction-type>
          <wedge type="stop" />
        </direction-type>
      </direction>
      <note>
        <pitch>
          <step>D</step>
          <alter>-1</alter>
          <octave>3</octave>
        </pitch>
        <duration>120</duration>
        <voice>1</voice>
        <type>quarter</type>
      </note>
      <note>
        <pitch>
          <step>D</step>
          <alter>-1</alter>
          <octave>3</octave>
        </pitch>
        <duration>60</duration>
        <voice>1</voice>
        <type>eighth</type>
        </note>
    </measure>
    <measure number="16">
      <note>
        <pitch>
          <step>E</step>
          <alter>-1</alter>
          <octave>3</octave>
        </pitch>
        <duration>120</duration>
        <voice>1</voice>
        <type>quarter</type>
      </note>
      <note>
        <pitch>
          <step>E</step>
          <alter>-1</alter>
          <octave>3</octave>
        </pitch>
        <duration>60</duration>
        <voice>1</voice>
        <type>eighth</type>
        </note>
      <note>
        <pitch>
          <step>E</step>
          <alter>-1</alter>
          <octave>3</octave>
        </pitch>
        <duration>120</duration>
        <voice>1</voice>
        <type>quarter</type>
      </note>
      <note>
        <pitch>
          <step>E</step>
          <alter>-1</alter>
          <octave>3</octave>
        </pitch>
        <duration>60</duration>
        <voice>1</voice>
        <type>eighth</type>
        </note>
    </measure>
    <measure number="17">
      <note>
        <pitch>
          <step>A</step>
          <alter>-1</alter>
          <octave>2</octave>
        </pitch>
        <duration>180</duration>
        <voice>1</voice>
        <type>quarter</type>
        <dot />
      </note>
      <note>
        <rest />
        <duration>120</duration>
        <voice>1</voice>
        <type>quarter</type>
      </note>
      <barline location="right">
        <bar-style>light-heavy</bar-style>
      </barline>
    </measure>
  </part>
</score-partwise>