# Ablation sweep for checkpoint 1motif_v1_bias4_cropsyn_irishfull_4x4 (jobs 12217697, 12218757-12218779, 2026-07-26)
# 50 pieces per cell; abstract-pattern-only prompt (noreal); base_rate = per-pattern containment of the 50 unprompted pieces (abl_base_4x4)
# real eval loss (21,718 real eval files): bias ON (+4) = 0.132233, bias OFF = 0.144442
variant,pattern,base_rate,contain_biasON,contain_biasOFF,contain_old_irishfull,realization_biasON
main,"0,3,-1,-1",14/50,38/50,22/50,32/50,48/50
top1,"0,-1,-1,-1",35/50,41/50,39/50,46/50,49/50
top2,"0,1,1,1",30/50,42/50,31/50,38/50,0/50 (no %motif:abc emitted)
top3,"0,1,-1,-1",38/50,41/50,39/50,40/50,50/50
top4,"0,-1,-1,1",38/50,45/50,36/50,42/50,50/50
top5,"0,1,1,-1",29/50,45/50,43/50,42/50,50/50
mid1,"0,1,-1,1",17/50,31/50,22/50,33/50,47/50
mid2,"0,-1,-2,2",18/50,27/50,34/50,34/50,49/50
mid3,"0,2,-2,-1",15/50,35/50,18/50,35/50,50/50
m0333,"0,3,3,3",2/50,3/50,0/50,3/50,6/50
m0n3,"0,-3,-3,-3",0/50,11/50,1/50,0/50,37/50
