rank,motif,count,share_pct,cum_pct
1,"0,-1,-1,-1",62356,28.716,28.72
2,"0,1,1,1",40944,18.856,47.57
3,"0,1,-1,-1",9092,4.187,51.76
4,"0,1,1,-1",6932,3.192,54.95
5,"0,-1,-1,1",6571,3.026,57.98
6,"0,-1,1,1",6078,2.799,60.78
7,"0,1,1,-2",4787,2.205,62.98
8,"0,-1,-2,-1",4452,2.05,65.03
9,"0,3,-3,3",4304,1.982,67.01
10,"0,-3,3,-3",2791,1.285,68.3
11,"0,1,-2,1",2700,1.243,69.54
12,"0,-1,-1,-2",2394,1.102,70.64
13,"0,2,-1,-1",2357,1.085,71.73
14,"0,1,-1,-2",2225,1.025,72.75
15,"0,1,-1,1",1956,0.901,73.66
16,"0,-2,1,-2",1927,0.887,74.54
17,"0,-1,-2,2",1712,0.788,75.33
18,"0,-2,-1,1",1685,0.776,76.11
19,"0,3,-1,-1",1667,0.768,76.87
20,"0,-1,1,-1",1631,0.751,77.63
21,"0,-2,1,1",1623,0.747,78.37
22,"0,-2,2,-2",1154,0.531,78.9
23,"0,-2,-2,3",1152,0.531,79.44
24,"0,2,-2,2",1139,0.525,79.96
25,"0,-2,-2,2",1121,0.516,80.48
26,"0,-1,-1,2",1089,0.502,80.98
27,"0,2,-2,-1",1083,0.499,81.48
28,"0,-1,1,-2",1013,0.467,81.94
29,"0,-2,3,-2",979,0.451,82.39
30,"0,-2,-1,-2",950,0.437,82.83
31,"0,-2,-1,-1",939,0.432,83.26
32,"0,-2,2,-1",937,0.432,83.69
33,"0,2,-1,-2",911,0.42,84.11
34,"0,-1,1,2",855,0.394,84.51
35,"0,-2,3,-3",847,0.39,84.9
36,"0,3,-1,1",841,0.387,85.29
37,"0,3,-1,-2",822,0.379,85.66
38,"0,-1,-2,1",779,0.359,86.02
39,"0,1,2,1",752,0.346,86.37
40,"0,1,1,-3",679,0.313,86.68
41,"0,-1,-2,-2",678,0.312,86.99
42,"0,-2,1,-1",648,0.298,87.29
43,"0,3,1,1",638,0.294,87.59
44,"0,1,-2,-2",634,0.292,87.88
45,"0,2,-2,-2",629,0.29,88.17
46,"0,-2,2,2",624,0.287,88.46
47,"0,-1,2,-1",622,0.286,88.74
48,"0,2,1,-1",619,0.285,89.03
49,"0,-1,-2,3",618,0.285,89.31
50,"0,-2,2,1",598,0.275,89.59
51,"0,2,2,-2",593,0.273,89.86
52,"0,2,-3,2",588,0.271,90.13
53,"0,2,-3,3",573,0.264,90.39
54,"0,-1,-1,3",561,0.258,90.65
55,"0,2,1,1",559,0.257,90.91
56,"0,-3,3,-1",548,0.252,91.16
57,"0,-3,3,2",480,0.221,91.38
58,"0,3,-3,-2",470,0.216,91.6
59,"0,1,-2,-1",467,0.215,91.82
60,"0,-3,2,2",465,0.214,92.03
61,"0,-2,-2,1",452,0.208,92.24
62,"0,1,1,2",446,0.205,92.44
63,"0,3,-2,-1",437,0.201,92.64
64,"0,-3,3,-2",406,0.187,92.83
65,"0,3,-2,-2",386,0.178,93.01
66,"0,2,-2,3",384,0.177,93.19
67,"0,3,-3,1",347,0.16,93.35
68,"0,2,-1,2",345,0.159,93.5
69,"0,-2,3,-1",340,0.157,93.66
70,"0,3,-3,2",338,0.156,93.82
71,"0,1,2,-2",336,0.155,93.97
72,"0,2,-2,1",332,0.153,94.12
73,"0,-2,2,-3",330,0.152,94.28
74,"0,1,-1,3",327,0.151,94.43
75,"0,1,-3,3",323,0.149,94.58
76,"0,1,2,-3",311,0.143,94.72
77,"0,3,1,-1",307,0.141,94.86
78,"0,2,3,-3",301,0.139,95.0
79,"0,2,2,-1",300,0.138,95.14
80,"0,-3,1,-1",299,0.138,95.27
81,"0,-2,-1,3",288,0.133,95.41
82,"0,2,2,3",274,0.126,95.53
83,"0,3,2,-2",267,0.123,95.66
84,"0,-1,-3,3",255,0.117,95.77
85,"0,-3,1,1",255,0.117,95.89
86,"0,-3,2,-2",247,0.114,96.0
87,"0,-1,-1,-3",244,0.112,96.12
88,"0,-1,1,-3",242,0.111,96.23
89,"0,-3,3,1",235,0.108,96.34
90,"0,1,2,-1",230,0.106,96.44
91,"0,-1,3,-3",229,0.105,96.55
92,"0,2,2,1",212,0.098,96.65
93,"0,-2,-3,3",207,0.095,96.74
94,"0,-2,2,3",198,0.091,96.83
95,"0,1,1,3",197,0.091,96.92
96,"0,2,2,-3",191,0.088,97.01
97,"0,-3,1,2",190,0.087,97.1
98,"0,1,-1,2",186,0.086,97.18
99,"0,-1,-3,2",181,0.083,97.27
100,"0,3,2,-1",169,0.078,97.35
101,"0,2,-1,1",167,0.077,97.42
102,"0,2,-3,1",158,0.073,97.5
103,"0,-1,3,-1",158,0.073,97.57
104,"0,1,-2,3",157,0.072,97.64
105,"0,3,-2,2",156,0.072,97.71
106,"0,-1,2,-2",149,0.069,97.78
107,"0,-3,2,-1",146,0.067,97.85
108,"0,1,-2,2",143,0.066,97.91
109,"0,-2,-2,-1",135,0.062,97.98
110,"0,-2,-2,-2",134,0.062,98.04
111,"0,3,-3,-1",133,0.061,98.1
112,"0,2,3,-1",132,0.061,98.16
113,"0,-1,1,3",132,0.061,98.22
114,"0,-3,-2,2",130,0.06,98.28
115,"0,1,-3,1",128,0.059,98.34
116,"0,1,-1,-3",127,0.058,98.4
117,"0,3,2,2",118,0.054,98.45
118,"0,1,-3,2",117,0.054,98.51
119,"0,-3,2,1",116,0.053,98.56
120,"0,-2,1,2",111,0.051,98.61
121,"0,-1,2,-3",111,0.051,98.66
122,"0,-3,-2,-2",107,0.049,98.71
123,"0,-1,3,-2",107,0.049,98.76
124,"0,3,-1,-3",95,0.044,98.8
125,"0,1,3,-1",93,0.043,98.85
126,"0,-3,2,3",91,0.042,98.89
127,"0,-2,-1,2",85,0.039,98.93
128,"0,2,1,-3",84,0.039,98.97
129,"0,1,2,2",77,0.035,99.0
130,"0,2,1,2",77,0.035,99.04
131,"0,-1,2,2",73,0.034,99.07
132,"0,2,1,-2",72,0.033,99.1
133,"0,2,2,2",69,0.032,99.14
134,"0,3,-2,3",67,0.031,99.17
135,"0,-1,-3,1",66,0.03,99.2
136,"0,2,3,2",65,0.03,99.23
137,"0,3,-2,1",63,0.029,99.26
138,"0,1,3,-3",62,0.029,99.28
139,"0,2,-2,-3",61,0.028,99.31
140,"0,-3,-1,-1",60,0.028,99.34
141,"0,-3,-1,1",59,0.027,99.37
142,"0,-2,3,1",56,0.026,99.39
143,"0,3,-2,-3",55,0.025,99.42
144,"0,-3,3,3",49,0.023,99.44
145,"0,-3,2,-3",48,0.022,99.46
146,"0,-3,1,-2",47,0.022,99.49
147,"0,-1,2,3",47,0.022,99.51
148,"0,2,-1,-3",47,0.022,99.53
149,"0,-3,-2,3",46,0.021,99.55
150,"0,-1,3,1",45,0.021,99.57
151,"0,2,-3,-2",45,0.021,99.59
152,"0,-3,1,3",37,0.017,99.61
153,"0,-3,-2,1",36,0.017,99.62
154,"0,3,-1,2",36,0.017,99.64
155,"0,3,1,-2",35,0.016,99.66
156,"0,3,2,-3",35,0.016,99.67
157,"0,-3,-1,3",33,0.015,99.69
158,"0,1,-3,-1",30,0.014,99.7
159,"0,-1,2,1",28,0.013,99.72
160,"0,-2,1,-3",28,0.013,99.73
161,"0,-2,-1,-3",28,0.013,99.74
162,"0,2,3,-2",27,0.012,99.75
163,"0,1,-3,-2",27,0.012,99.77
164,"0,1,3,-2",26,0.012,99.78
165,"0,-2,-2,-3",25,0.012,99.79
166,"0,-3,-2,-1",25,0.012,99.8
167,"0,3,3,-3",24,0.011,99.81
168,"0,2,-3,-1",24,0.011,99.82
169,"0,3,1,-3",24,0.011,99.83
170,"0,1,-2,-3",23,0.011,99.84
171,"0,3,2,1",22,0.01,99.85
172,"0,-3,-3,3",21,0.01,99.86
173,"0,-2,-3,1",21,0.01,99.87
174,"0,-3,1,-3",20,0.009,99.88
175,"0,-2,-3,-2",20,0.009,99.89
176,"0,-1,-2,-3",20,0.009,99.9
177,"0,-1,3,2",19,0.009,99.91
178,"0,3,-3,-3",16,0.007,99.92
179,"0,2,-1,3",14,0.006,99.92
180,"0,3,1,2",14,0.006,99.93
181,"0,3,3,-1",13,0.006,99.94
182,"0,1,3,1",11,0.005,99.94
183,"0,-2,3,2",10,0.005,99.95
184,"0,2,3,1",10,0.005,99.95
185,"0,-2,-3,2",9,0.004,99.96
186,"0,3,3,-2",9,0.004,99.96
187,"0,1,2,3",9,0.004,99.96
188,"0,-2,1,3",8,0.004,99.97
189,"0,-3,-1,-2",8,0.004,99.97
190,"0,-1,-3,-1",8,0.004,99.97
191,"0,2,1,3",7,0.003,99.98
192,"0,-1,-3,-2",5,0.002,99.98
193,"0,3,1,3",5,0.002,99.98
194,"0,-3,-1,2",5,0.002,99.98
195,"0,-2,-3,-1",5,0.002,99.99
196,"0,3,-1,3",3,0.001,99.99
197,"0,-2,3,3",3,0.001,99.99
198,"0,2,-3,-3",3,0.001,99.99
199,"0,-1,3,3",2,0.001,99.99
200,"0,3,3,3",2,0.001,99.99
201,"0,-2,-3,-3",2,0.001,99.99
202,"0,3,2,3",2,0.001,99.99
203,"0,1,-3,-3",2,0.001,100.0
204,"0,3,3,1",2,0.001,100.0
205,"0,-3,-3,-1",2,0.001,100.0
206,"0,-3,-3,2",1,0.0,100.0
207,"0,-1,-3,-3",1,0.0,100.0
208,"0,1,3,3",1,0.0,100.0
209,"0,3,3,2",1,0.0,100.0
210,"0,-3,-3,-3",1,0.0,100.0
