model,motif,freq_rank,train_freq,bias,regime,n,generated_ok,emitted_motif_abc,realiz_ge1_n,realiz_ge1_pct,realiz_all_n,realiz_all_pct,body_n,body_pct,faithful_and_body,faithful_body_miss,unfaithful_body_hit,neither,job
orig,"0,3,-1,-1",14,78,2,False,50,50,50,27,54.0,27,54.0,42,84.0,25,2,17,6,11916571
v1,"0,3,-1,-1",14,78,2,False,50,50,50,20,40.0,20,40.0,38,76.0,15,5,23,7,11916570
cropsyn,"0,3,-1,-1",14,78,4,False,50,50,50,1,2.0,1,2.0,21,42.0,0,1,21,28,11916063
irish10k,"0,3,-1,-1",14,78,4,False,50,,,,,,,30,60.0,,,,,11916065*
irish20k,"0,3,-1,-1",14,78,4,False,50,,,,,,,26,52.0,,,,,11916066*
irish50k,"0,3,-1,-1",14,78,4,False,50,50,50,49,98.0,49,98.0,31,62.0,31,18,0,1,11960710
irish50k,"0,3,3,3",tail,0,4,False,50,50,50,12,24.0,12,24.0,2,4.0,2,10,0,38,11960752
irish50k,"0,-3,-3,-3",tail,0,4,False,50,50,50,5,10.0,5,10.0,0,0.0,0,5,0,45,11960753
irish20k_evalfix,"0,3,-1,-1",14,78,4,False,50,50,50,44,88.0,44,88.0,27,54.0,23,21,4,2,11960715
irish20k_evalfix,"0,3,3,3",tail,0,4,False,50,50,50,7,14.0,7,14.0,0,0.0,0,7,0,43,11960754
irish20k_evalfix,"0,-3,-3,-3",tail,0,4,False,50,50,50,2,4.0,2,4.0,0,0.0,0,2,0,48,11960755
irish50k,"0,-1,-1,-1",1,2586,4,False,50,50,50,50,100.0,50,100.0,41,82.0,41,9,0,0,11991738
irish50k,"0,1,1,1",2,1580,4,False,50,50,50,50,100.0,50,100.0,37,74.0,37,13,0,0,11991739
irish50k,"0,1,-1,-1",3,301,4,False,50,50,50,48,96.0,48,96.0,36,72.0,35,13,1,1,11991740
irish50k,"0,-1,-1,1",4,276,4,False,50,50,50,45,90.0,45,90.0,39,78.0,35,10,4,1,11991741
irish50k,"0,1,1,-1",5,251,4,False,50,50,50,46,92.0,46,92.0,41,82.0,37,9,4,0,11991742
irish20k_evalfix,"0,-1,-1,-1",1,2586,4,False,50,50,50,49,98.0,49,98.0,38,76.0,37,12,1,0,11991743
irish20k_evalfix,"0,1,1,1",2,1580,4,False,50,50,50,48,96.0,48,96.0,34,68.0,33,15,1,1,11991744
irish20k_evalfix,"0,1,-1,-1",3,301,4,False,50,50,50,47,94.0,47,94.0,38,76.0,36,11,2,1,11991745
irish20k_evalfix,"0,-1,-1,1",4,276,4,False,50,50,50,45,90.0,45,90.0,31,62.0,28,17,3,2,11991746
irish20k_evalfix,"0,1,1,-1",5,251,4,False,50,50,50,48,96.0,48,96.0,37,74.0,36,12,1,1,11991747
irish50k,"0,1,-1,1",15,75,4,False,50,50,50,45,90.0,45,90.0,30,60.0,28,17,2,3,11992192
irish50k,"0,-1,-2,2",20,53,4,False,50,50,50,46,92.0,46,92.0,36,72.0,34,12,2,2,11992193
irish50k,"0,2,-2,-1",27,38,4,False,50,50,50,48,96.0,48,96.0,22,44.0,21,27,1,1,11992194
irish20k_evalfix,"0,1,-1,1",15,75,4,False,50,50,50,47,94.0,47,94.0,23,46.0,21,26,2,1,11992195
irish20k_evalfix,"0,-1,-2,2",20,53,4,False,50,50,50,45,90.0,45,90.0,18,36.0,15,30,3,2,11992196
irish20k_evalfix,"0,2,-2,-1",27,38,4,False,50,50,50,47,94.0,47,94.0,14,28.0,12,35,2,1,11992197
irish50k_r2,"0,3,-1,-1",14,78,4,False,50,50,50,46,92.0,46,92.0,24,48.0,23,23,1,3,12084828
irish50k_r2,"0,3,3,3",tail,0,4,False,50,50,50,3,6.0,3,6.0,2,4.0,1,2,1,46,12084829
irish50k_r2,"0,-3,-3,-3",tail,0,4,False,50,50,50,4,8.0,4,8.0,0,0.0,0,4,0,46,12084830
irish50k_r2,"0,-1,-1,-1",1,2586,4,False,50,50,50,50,100.0,50,100.0,44,88.0,44,6,0,0,12084831
irish50k_r2,"0,1,1,1",2,1580,4,False,50,50,50,50,100.0,50,100.0,43,86.0,43,7,0,0,12084832
irish50k_r2,"0,1,-1,-1",3,301,4,False,50,50,50,50,100.0,50,100.0,40,80.0,40,10,0,0,12084833
irish50k_r2,"0,-1,-1,1",4,276,4,False,50,50,50,50,100.0,50,100.0,40,80.0,40,10,0,0,12084834
irish50k_r2,"0,1,1,-1",5,251,4,False,50,50,50,48,96.0,48,96.0,46,92.0,44,4,2,0,12084835
irish50k_r2,"0,1,-1,1",15,75,4,False,50,50,50,44,88.0,44,88.0,33,66.0,30,14,3,3,12084836
irish50k_r2,"0,-1,-2,2",20,53,4,False,50,50,50,47,94.0,47,94.0,39,78.0,36,11,3,0,12084837
irish50k_r2,"0,2,-2,-1",27,38,4,False,50,50,50,44,88.0,44,88.0,23,46.0,20,24,3,3,12084838
irishfull,"0,3,-1,-1",14,78,4,False,50,50,50,49,98.0,49,98.0,32,64.0,31,18,1,0,12178929
irishfull,"0,3,3,3",tail,0,4,False,50,50,50,10,20.0,10,20.0,3,6.0,3,7,0,40,12178930
irishfull,"0,-3,-3,-3",tail,0,4,False,50,50,50,8,16.0,8,16.0,0,0.0,0,8,0,42,12178931
irishfull,"0,-1,-1,-1",1,2586,4,False,50,50,50,50,100.0,50,100.0,46,92.0,46,4,0,0,12178932
irishfull,"0,1,1,1",2,1580,4,False,50,50,50,49,98.0,49,98.0,38,76.0,37,12,1,0,12178933
irishfull,"0,1,-1,-1",3,301,4,False,50,50,50,49,98.0,49,98.0,40,80.0,39,10,1,0,12178934
irishfull,"0,-1,-1,1",4,276,4,False,50,50,50,47,94.0,47,94.0,42,84.0,41,6,1,2,12178935
irishfull,"0,1,1,-1",5,251,4,False,50,50,50,49,98.0,49,98.0,42,84.0,41,8,1,0,12178936
irishfull,"0,1,-1,1",15,75,4,False,50,50,50,48,96.0,48,96.0,33,66.0,31,17,2,0,12178937
irishfull,"0,-1,-2,2",20,53,4,False,50,50,50,48,96.0,48,96.0,34,68.0,32,16,2,0,12178938
irishfull,"0,2,-2,-1",27,38,4,False,50,50,50,49,98.0,49,98.0,35,70.0,34,15,1,0,12178939
