length,model,base_exact,base_n,base_orbit,count_match,exact_contain,exact_contain_A,exact_contain_B,exact_contain_C,exact_occ,inst_correct,inst_emitted,inv_contain,inv_count_match,inv_occ,n_motifs,orbit_contain,orbit_contain_A,orbit_contain_B,orbit_contain_C,orbit_occ,pieces_fail,pieces_ok,realized,strata_missing
4,inv,0.3475,50,0.57,0.10166666666666668,0.7708333333333331,0.8825,0.7975,0.6325,2.751666666666667,0.3569936799650138,0.6675000000000001,0.4174999999999998,0.3216666666666667,1.3383333333333336,24,0.8683333333333335,0.96,0.89,0.7550000000000001,6.098333333333333,0,1200,1.0,0
5,inv,0.22416666666666665,50,0.42833333333333334,0.11250000000000003,0.6575,0.7525,0.6925,0.5275,2.252499999999999,0.3262739799566614,0.5249999999999999,0.32166666666666655,0.46583333333333327,1.1016666666666666,24,0.7650000000000001,0.8599999999999999,0.8175,0.6175,4.3374999999999995,0,1200,1.0,0
6,inv,0.1175,50,0.20916666666666667,0.1391666666666667,0.5466666666666667,0.6699999999999999,0.5825,0.3875,1.6774999999999995,0.37157790302287125,0.44083333333333335,0.25166666666666665,0.5575000000000001,0.8099999999999997,24,0.6316666666666667,0.7725000000000001,0.6775,0.445,3.44,0,1200,1.0,0
7,inv,0.0675,50,0.1525,0.12000000000000004,0.4575000000000001,0.5325000000000001,0.495,0.34500000000000003,1.2033333333333331,0.2999898266593892,0.3933333333333333,0.14250000000000004,0.5941666666666667,0.36833333333333335,24,0.5299999999999999,0.6449999999999999,0.5800000000000001,0.36500000000000005,2.078333333333333,0,1200,1.0,0
8,inv,0.034166666666666665,50,0.08833333333333333,0.14916666666666667,0.4566666666666668,0.5075,0.4625,0.39999999999999997,1.2141666666666666,0.3663449458050184,0.3116666666666666,0.1391666666666667,0.6875,0.44916666666666666,24,0.5175,0.5775,0.5575000000000001,0.4175,2.1958333333333333,0,1200,1.0,0
9,inv,0.0175,50,0.04416666666666667,0.10416666666666669,0.28250000000000003,0.36250000000000004,0.31,0.175,0.6908333333333333,0.32186533394719896,0.2591666666666667,0.06750000000000002,0.7525000000000001,0.2358333333333333,24,0.3225,0.41000000000000003,0.3825,0.175,1.1858333333333333,0,1200,1.0,0
10,inv,0.005833333333333334,50,0.016666666666666666,0.07250000000000002,0.2283333333333333,0.3225,0.23750000000000004,0.125,0.6183333333333334,0.16928796346124658,0.2816666666666667,0.06333333333333335,0.7158333333333333,0.2958333333333333,24,0.26333333333333325,0.36999999999999994,0.295,0.125,1.1633333333333329,0,1200,1.0,0
avg4-10,inv,0.11630952380952382,,0.21559523809523812,0.11416666666666668,0.4857142857142858,,,,1.486904761904762,0.3160476618310571,0.4113095238095238,0.20047619047619047,0.5850000000000001,0.6570238095238095,168,0.556904761904762,,,,2.9284523809523813,0,8400,1.0,0
4,inv_bias5,0.3333333333333333,50,0.525,0.13083333333333333,0.7783333333333332,0.875,0.7849999999999999,0.6749999999999999,3.1683333333333334,0.361996542812926,0.6749999999999998,0.43750000000000006,0.3283333333333334,1.745833333333333,24,0.8716666666666667,0.9450000000000001,0.875,0.7949999999999999,7.257499999999999,0,1200,1.0,0
5,inv_bias5,0.23833333333333334,50,0.4091666666666667,0.14750000000000002,0.6958333333333333,0.7825,0.7725000000000001,0.5325,2.3658333333333332,0.3408294987756084,0.5199999999999999,0.3366666666666666,0.45749999999999996,1.0391666666666666,24,0.79,0.8775,0.8875,0.605,4.506666666666666,0,1200,1.0,0
6,inv_bias5,0.12333333333333334,50,0.24,0.1475,0.6025000000000001,0.7025,0.655,0.44999999999999996,1.804999999999999,0.3847800056876319,0.42583333333333334,0.2566666666666666,0.5741666666666667,0.7625000000000001,24,0.6816666666666666,0.8075,0.755,0.4825,3.683333333333334,0,1200,1.0,0
7,inv_bias5,0.08166666666666667,50,0.18,0.14666666666666672,0.4949999999999999,0.5700000000000001,0.5850000000000001,0.3299999999999999,1.4283333333333335,0.3092735461620912,0.40499999999999997,0.17999999999999997,0.5933333333333335,0.5275,24,0.5691666666666666,0.6825000000000001,0.6575,0.36749999999999994,2.556666666666667,0,1200,1.0,0
8,inv_bias5,0.03666666666666667,50,0.1,0.14166666666666672,0.4566666666666667,0.4875,0.49,0.39249999999999996,1.2025000000000001,0.3154498277780012,0.31916666666666665,0.13000000000000003,0.6725000000000002,0.45833333333333326,24,0.5266666666666666,0.5800000000000001,0.5950000000000001,0.40499999999999997,2.250833333333333,0,1200,1.0,0
9,inv_bias5,0.023333333333333334,50,0.0575,0.11000000000000003,0.32416666666666666,0.4125,0.3825,0.17750000000000002,0.7308333333333334,0.2071639054345821,0.24583333333333332,0.1041666666666667,0.7466666666666667,0.24666666666666662,24,0.37250000000000005,0.4900000000000001,0.4475,0.18000000000000002,1.3458333333333332,0,1200,1.0,0
10,inv_bias5,0.0125,50,0.024166666666666666,0.09000000000000002,0.25750000000000006,0.3650000000000001,0.2325,0.17500000000000002,0.8625000000000002,0.1711084973094363,0.28333333333333327,0.08416666666666667,0.7091666666666666,0.5083333333333332,24,0.295,0.41500000000000004,0.2925,0.17750000000000002,1.6808333333333332,0,1200,1.0,0
avg4-10,inv_bias5,0.12130952380952378,,0.21940476190476194,0.13059523809523813,0.5157142857142857,,,,1.6519047619047618,0.2986574034228967,0.410595238095238,0.21845238095238098,0.5830952380952381,0.7554761904761903,168,0.5866666666666667,,,,3.3259523809523808,0,8400,1.0,0
4,inv_bias5_pat1,0.3591666666666667,50,0.5591666666666667,0.1216666666666667,0.8016666666666666,0.8975,0.8124999999999999,0.6950000000000001,3.1725,0.40642927799031625,0.6433333333333334,0.4275,0.3383333333333333,1.5849999999999997,24,0.8949999999999999,0.96,0.8899999999999999,0.8350000000000001,6.971666666666667,0,1200,1.0,0
5,inv_bias5_pat1,0.265,50,0.45,0.12926870748299324,0.7231802721088436,0.8400000000000001,0.7595408163265306,0.5700000000000001,2.581972789115647,0.4169693939962902,0.5041496598639456,0.3546938775510204,0.4700510204081633,1.220221088435374,24,0.8107312925170068,0.905,0.8596938775510203,0.6675,4.995527210884355,1,1199,1.0,0
6,inv_bias5_pat1,0.13333333333333333,50,0.275,0.13750000000000004,0.5608333333333334,0.6450000000000001,0.6525000000000001,0.385,1.7108333333333332,0.4467763516641416,0.4141666666666666,0.26249999999999984,0.5741666666666667,0.7833333333333333,24,0.6483333333333333,0.7525,0.7575,0.43499999999999994,3.563333333333334,0,1200,1.0,0
7,inv_bias5_pat1,0.08083333333333333,50,0.18666666666666668,0.12916666666666668,0.5183333333333334,0.6275,0.5975,0.33,1.4633333333333332,0.3386281707155057,0.37749999999999995,0.19333333333333327,0.6341666666666667,0.5491666666666668,24,0.5908333333333334,0.7274999999999999,0.69,0.35500000000000004,2.655833333333333,0,1200,1.0,0
8,inv_bias5_pat1,0.034166666666666665,50,0.10083333333333333,0.13750000000000007,0.44999999999999996,0.49,0.48,0.37999999999999995,1.2725000000000002,0.3198045719705855,0.3266666666666666,0.1416666666666667,0.6591666666666667,0.5616666666666666,24,0.5108333333333331,0.5824999999999999,0.5625,0.38749999999999996,2.3975,0,1200,1.0,0
9,inv_bias5_pat1,0.021666666666666667,50,0.04833333333333333,0.11583333333333336,0.3658333333333333,0.49,0.4075,0.20000000000000004,1.0316666666666665,0.2726496321898621,0.26166666666666666,0.09333333333333334,0.7358333333333335,0.3725,24,0.41416666666666657,0.5574999999999999,0.4825,0.20250000000000004,1.8725000000000005,0,1200,1.0,0
10,inv_bias5_pat1,0.009166666666666667,50,0.02,0.09750000000000003,0.27,0.38499999999999995,0.26,0.165,0.6475000000000001,0.1944720077842343,0.2716666666666666,0.08750000000000004,0.7224999999999998,0.2658333333333333,24,0.32250000000000006,0.4475,0.34750000000000003,0.17250000000000001,1.2550000000000001,0,1200,1.0,0
avg4-10,inv_bias5_pat1,0.12904761904761905,,0.2342857142857143,0.1240621963070943,0.5271209912536444,,,,1.6971865889212832,0.3422470580444194,0.3998785228377065,0.22293245869776482,0.5906025267249758,0.7625315840621961,168,0.5989139941690962,,,,3.3873372206025265,1,8399,1.0,0
4,inv_bias6,0.35,50,0.5683333333333334,0.12083333333333335,0.7816666666666667,0.8925,0.7949999999999999,0.6575,3.403333333333334,0.34561139038865457,0.6483333333333333,0.46166666666666667,0.32583333333333336,1.8891666666666664,24,0.8725,0.9575,0.8800000000000001,0.7799999999999999,7.700833333333332,0,1200,1.0,0
5,inv_bias6,0.2675,50,0.44083333333333335,0.13250000000000003,0.6933333333333334,0.7975000000000001,0.7374999999999999,0.545,2.484166666666667,0.3162703477524906,0.5199999999999999,0.3225,0.46416666666666667,1.0699999999999998,24,0.7849999999999998,0.8625,0.86,0.6325,4.645833333333332,0,1200,1.0,0
6,inv_bias6,0.15,50,0.2758333333333333,0.13750000000000004,0.55,0.6725000000000001,0.6000000000000001,0.3775,1.7399999999999993,0.31129716109234834,0.4433333333333333,0.2608333333333333,0.5491666666666667,0.8358333333333331,24,0.6416666666666667,0.7625000000000002,0.7375,0.42500000000000004,3.7400000000000007,0,1200,1.0,0
7,inv_bias6,0.09833333333333333,50,0.19916666666666666,0.11333333333333338,0.4683333333333333,0.5700000000000001,0.555,0.28,1.4374999999999998,0.2956388646165607,0.3924999999999999,0.17583333333333337,0.5816666666666667,0.5608333333333333,24,0.5558333333333334,0.7024999999999999,0.6675000000000001,0.29750000000000004,2.6499999999999995,0,1200,1.0,0
8,inv_bias6,0.0425,50,0.09333333333333334,0.13083333333333338,0.375,0.4225,0.405,0.2975,0.9533333333333335,0.21919115712454595,0.3558333333333333,0.1325,0.6236564625850339,0.36999999999999994,24,0.45583333333333337,0.5075000000000001,0.5425,0.3175,1.8608333333333331,0,1200,1.0,0
9,inv_bias6,0.020833333333333332,50,0.04083333333333333,0.08333333333333333,0.28166666666666657,0.37249999999999994,0.345,0.1275,0.9441666666666664,0.17499133891867455,0.27833333333333327,0.09333333333333334,0.7108333333333334,0.4358333333333333,24,0.3400000000000001,0.4425,0.44500000000000006,0.1325,1.7699999999999998,0,1200,1.0,0
10,inv_bias6,0.008333333333333333,50,0.015833333333333335,0.06250000000000004,0.20666666666666667,0.28,0.22,0.12000000000000001,0.64,0.12358705622157731,0.30416666666666664,0.07666666666666667,0.6825000000000001,0.3733333333333333,24,0.2533333333333333,0.3375,0.29999999999999993,0.12250000000000001,1.3150000000000002,0,1200,1.0,0
avg4-10,inv_bias6,0.13392857142857142,,0.23345238095238097,0.11154761904761909,0.4795238095238096,,,,1.6575,0.25522675944497886,0.4203571428571428,0.2176190476190476,0.5625461613216716,0.7907142857142856,168,0.5577380952380951,,,,3.3832142857142853,0,8400,1.0,0
4,inv_bias7,0.32,50,0.5325,0.11000000000000003,0.6916666666666665,0.83,0.67,0.575,2.8558333333333326,0.3288113916660677,0.5975,0.4083333333333332,0.3379591836734694,1.4374999999999998,24,0.805,0.9375,0.8125000000000001,0.665,6.574166666666667,0,1200,1.0,0
5,inv_bias7,0.21583333333333332,50,0.38916666666666666,0.09258503401360546,0.602908163265306,0.7012244897959183,0.6950000000000001,0.4125,2.002687074829932,0.29291807962026273,0.4249319727891156,0.3011904761904761,0.4527380952380953,0.9073469387755101,24,0.6979081632653061,0.7787244897959184,0.795,0.52,3.989200680272109,1,1199,1.0,0
6,inv_bias7,0.13,50,0.23166666666666666,0.09833333333333334,0.45250000000000007,0.6175,0.5025,0.23750000000000002,1.3341666666666665,0.33825519940866994,0.325,0.21583333333333332,0.5553571428571428,0.6016666666666667,24,0.535,0.7125,0.605,0.28750000000000003,2.9425000000000003,0,1200,1.0,0
7,inv_bias7,0.09583333333333334,50,0.19083333333333333,0.08100340136054425,0.32872448979591834,0.4561734693877551,0.38,0.15000000000000002,0.9157993197278912,0.23853898125637257,0.2594727891156463,0.15183673469387757,0.5832291666666668,0.42025510204081623,24,0.4288945578231292,0.6066836734693877,0.49250000000000005,0.18750000000000003,1.8268877551020408,1,1199,1.0,0
8,inv_bias7,0.05333333333333334,50,0.10666666666666667,0.06755102040816327,0.2802210884353741,0.31816326530612243,0.3125,0.21,0.6586734693877551,0.22117721889393716,0.21270408163265297,0.1259013605442177,0.6264385976021615,0.2959353741496598,24,0.35860544217687074,0.42581632653061224,0.425,0.225,1.382397959183674,1,1199,1.0,0
9,inv_bias7,0.035833333333333335,50,0.060833333333333336,0.05166666666666667,0.17999999999999997,0.2725,0.20750000000000002,0.060000000000000005,0.6541666666666667,0.12628449981391157,0.16500000000000004,0.06999999999999999,0.6924610260770976,0.39999999999999986,24,0.22833333333333328,0.3275,0.295,0.0625,1.2816666666666665,0,1200,1.0,0
10,inv_bias7,0.020833333333333332,50,0.043333333333333335,0.037551020408163265,0.09340136054421772,0.12770408163265307,0.09999999999999999,0.052500000000000005,0.2209183673469388,0.09584500466853409,0.17433673469387753,0.05423469387755103,0.6932689213135146,0.14343537414965987,24,0.13435374149659865,0.1955612244897959,0.1525,0.055,0.5962755102040816,1,1199,1.0,0
avg4-10,inv_bias7,0.12452380952380955,,0.22214285714285717,0.07695578231292519,0.37563168124392615,,,,1.2346064139941686,0.2345471964753937,0.3084207968901846,0.18961856171039843,0.5630645904897355,0.6008770651117589,168,0.4554421768707484,,,,2.656156462585034,4,8396,1.0,0
4,inv_bias8,0.3233333333333333,50,0.5541666666666667,0.05680272108843538,0.509234693877551,0.6475,0.5144897959183674,0.3657142857142857,2.501003401360544,0.26905906253332723,0.22568027210884353,0.37736394557823133,0.2575403661076649,1.4344727891156464,24,0.6839795918367346,0.7899999999999999,0.6779591836734693,0.5839795918367346,6.299727891156462,3,1197,0.9899999999999999,0
5,inv_bias8,0.17666666666666667,50,0.3425,0.06595238095238097,0.3789795918367347,0.5435714285714286,0.39535714285714285,0.19801020408163264,1.451513605442177,0.32148643614809036,0.13363945578231298,0.26962585034013603,0.43926878486910953,0.8330612244897956,24,0.5116156462585034,0.663673469387755,0.5630102040816326,0.3081632653061225,3.2293537414965985,3,1197,1.0,0
6,inv_bias8,0.0925,50,0.19416666666666665,0.036700680272108856,0.2438265306122448,0.44749999999999995,0.2039795918367347,0.08000000000000002,0.6846938775510202,0.2551742919389979,0.07845238095238098,0.21047619047619048,0.5237601105474395,0.4979931972789115,24,0.38234693877551024,0.6224999999999999,0.36704081632653063,0.1575,1.82093537414966,2,1198,1.0,0
7,inv_bias8,0.05583333333333333,50,0.11583333333333333,0.03000000000000001,0.13758503401360547,0.19249999999999998,0.17775510204081632,0.0425,0.3068027210884353,0.2200980392156863,0.03505102040816326,0.0984013605442177,0.5553708166627882,0.1950850340136054,24,0.22852040816326527,0.3225,0.29556122448979594,0.0675,0.744642857142857,1,1199,1.0,0
8,inv_bias8,0.0275,50,0.049166666666666664,0.023350340136054425,0.11435374149659866,0.20545918367346938,0.1025,0.035102040816326535,0.33751700680272095,0.08469387755102041,0.036751700680272115,0.07022108843537415,0.5846464199243202,0.23605442176870747,24,0.16860544217687076,0.27801020408163263,0.17250000000000001,0.05530612244897959,0.8086224489795916,2,1198,1.0,0
9,inv_bias8,0.019166666666666665,50,0.028333333333333332,0.0108843537414966,0.06098639455782314,0.11020408163265306,0.06775510204081633,0.005,0.1619727891156463,0.07407407407407407,0.015068027210884355,0.04513605442176872,0.6882443582041785,0.12020408163265307,24,0.09688775510204084,0.15025510204081632,0.13540816326530614,0.005,0.39663265306122447,5,1195,1.0,0
10,inv_bias8,0.009166666666666667,50,0.019166666666666665,0.014251700680272109,0.04187074829931973,0.07061224489795917,0.045,0.01,0.12338435374149663,0.0,0.030170068027210895,0.032619047619047624,0.6268322784603115,0.09576530612244899,24,0.07190476190476193,0.09821428571428571,0.1,0.0175,0.3468027210884354,3,1197,1.0,0
avg4-10,inv_bias8,0.10059523809523808,,0.18619047619047618,0.03399173955296404,0.21240524781341108,,,,0.7952696793002916,0.17494082592302806,0.07925898931000974,0.15769193391642372,0.5250947335394017,0.4875194363459669,168,0.3062657920310982,,,,1.9495310981535467,19,8381,0.9985714285714286,0
4,inv_pat1,0.32666666666666666,50,0.5391666666666667,0.10916666666666668,0.7691666666666669,0.895,0.7749999999999999,0.6375,2.869166666666668,0.3872862423651451,0.685,0.4333333333333333,0.30666666666666675,1.5216666666666663,24,0.8650000000000001,0.95,0.8775000000000001,0.7675000000000001,6.458333333333332,0,1200,1.0,0
5,inv_pat1,0.2225,50,0.37,0.13500000000000004,0.7083333333333335,0.805,0.74,0.5800000000000001,2.3683333333333327,0.39850890507534303,0.5083333333333332,0.34166666666666673,0.4816666666666667,1.1475,24,0.7966666666666665,0.8925,0.8275,0.67,4.6866666666666665,0,1200,1.0,0
6,inv_pat1,0.1225,50,0.235,0.12833333333333335,0.5766666666666665,0.665,0.6475000000000001,0.4175000000000001,1.5808333333333333,0.39064515135243427,0.41083333333333316,0.24,0.5808333333333334,0.645,24,0.6525,0.7625,0.7425,0.4525,3.249166666666667,0,1200,1.0,0
7,inv_pat1,0.07916666666666666,50,0.14833333333333334,0.11666666666666668,0.4750000000000001,0.5675,0.52,0.3375,1.3616666666666666,0.394832490180426,0.36666666666666664,0.18666666666666668,0.6216666666666666,0.5783333333333334,24,0.5625,0.6975,0.6325000000000001,0.35750000000000004,2.5133333333333328,0,1200,1.0,0
8,inv_pat1,0.04,50,0.07916666666666666,0.13333333333333336,0.42083333333333334,0.44999999999999996,0.455,0.3575,1.0675000000000001,0.4121362264433268,0.29749999999999993,0.1366666666666667,0.6858333333333334,0.3908333333333333,24,0.4833333333333334,0.5125,0.5625000000000001,0.375,1.9291666666666665,0,1200,1.0,0
9,inv_pat1,0.0225,50,0.045,0.09250000000000004,0.28583333333333333,0.41250000000000003,0.3075,0.1375,0.8499999999999998,0.26270112496199455,0.22333333333333336,0.09166666666666667,0.7725,0.4233333333333332,24,0.3425,0.48250000000000004,0.39999999999999997,0.14500000000000002,1.593333333333333,0,1200,1.0,0
10,inv_pat1,0.015,50,0.03,0.075,0.22999999999999998,0.34,0.2075,0.14250000000000002,0.8724999999999997,0.21030679355987145,0.23916666666666664,0.07000000000000002,0.7558333333333334,0.5225000000000001,24,0.2716666666666666,0.40249999999999997,0.26999999999999996,0.14250000000000002,1.6708333333333332,0,1200,1.0,0
avg4-10,inv_pat1,0.11833333333333332,,0.20666666666666664,0.11285714285714286,0.4951190476190477,,,,1.5671428571428574,0.350916704848363,0.3901190476190476,0.21428571428571433,0.6007142857142858,0.7470238095238094,168,0.5677380952380952,,,,3.157261904761905,0,8400,1.0,0
4,inv_pat2,0.3275,50,0.5508333333333333,0.11750000000000003,0.7550000000000002,0.8600000000000001,0.7575000000000001,0.6475,2.751666666666667,0.39158439272395085,0.7025,0.43416666666666676,0.31583333333333335,1.4791666666666667,24,0.8574999999999999,0.96,0.8625,0.75,6.306666666666664,0,1200,1.0,0
5,inv_pat2,0.21416666666666667,50,0.4091666666666667,0.10916666666666669,0.6250000000000001,0.7300000000000002,0.6425000000000001,0.5025,2.0816666666666666,0.3915177042326146,0.49666666666666653,0.3083333333333333,0.47833333333333333,1.0325,24,0.7508333333333335,0.8300000000000001,0.795,0.6275,4.184166666666667,0,1200,1.0,0
6,inv_pat2,0.10083333333333333,50,0.22166666666666668,0.1166666666666667,0.5283333333333332,0.66,0.5875,0.3375,1.5391666666666666,0.4895727722269848,0.43750000000000006,0.23916666666666656,0.5591666666666666,0.6491666666666666,24,0.6141666666666665,0.775,0.6925,0.375,3.179166666666667,0,1200,1.0,0
7,inv_pat2,0.065,50,0.1375,0.09666666666666669,0.41333333333333316,0.5225,0.45499999999999996,0.26249999999999996,1.2141666666666664,0.360051728104889,0.3808333333333333,0.17666666666666664,0.61,0.5575,24,0.5141666666666665,0.6625,0.5875,0.2925,2.326666666666667,0,1200,1.0,0
8,inv_pat2,0.028333333333333332,50,0.06583333333333333,0.10000000000000003,0.36250000000000004,0.3975,0.3925,0.2975,0.9641666666666665,0.35533299431906246,0.31083333333333324,0.13083333333333336,0.6816666666666666,0.375,24,0.4383333333333332,0.495,0.5075,0.3125,1.8516666666666675,0,1200,1.0,0
9,inv_pat2,0.0125,50,0.030833333333333334,0.07916666666666668,0.2583333333333334,0.35250000000000004,0.305,0.11750000000000001,0.6375000000000001,0.28958608443377354,0.25333333333333335,0.08833333333333333,0.7372278911564626,0.26666666666666655,24,0.3116666666666667,0.43,0.385,0.11999999999999998,1.1866666666666663,0,1200,1.0,0
10,inv_pat2,0.005833333333333334,50,0.015833333333333335,0.055000000000000014,0.19666666666666663,0.275,0.20750000000000002,0.1075,0.4908333333333334,0.2522449765797265,0.2575,0.06166666666666668,0.7308333333333333,0.2258333333333333,24,0.2341666666666666,0.33,0.265,0.1075,0.98,0,1200,1.0,0
avg4-10,inv_pat2,0.10773809523809523,,0.20452380952380952,0.09630952380952384,0.448452380952381,,,,1.382738095238095,0.36141295037442883,0.405595238095238,0.2055952380952381,0.5875801749271137,0.6551190476190476,168,0.5315476190476189,,,,2.8592857142857144,0,8400,1.0,0
4,multilen,0.325,50,0.5275,,0.7333333333333331,0.8700000000000001,0.695,0.635,2.8516666666666666,,0.0,0.39166666666666655,,1.4316666666666666,24,0.8383333333333333,0.95,0.805,0.76,6.327500000000001,0,1200,1.0,0
5,multilen,0.24916666666666668,50,0.425,,0.6908333333333334,0.745,0.7224999999999999,0.605,2.481666666666667,,0.0,0.3133333333333332,,1.1124999999999996,24,0.775,0.8200000000000001,0.84,0.6649999999999999,4.704166666666667,0,1200,1.0,0
6,multilen,0.135,50,0.25,,0.5808333333333333,0.6799999999999999,0.6425000000000001,0.42,1.839166666666667,,0.0,0.22583333333333333,,0.7883333333333332,24,0.6591666666666666,0.7875000000000001,0.745,0.445,3.6341666666666668,0,1200,1.0,0
7,multilen,0.09,50,0.185,,0.46416666666666684,0.5425000000000001,0.5025000000000001,0.34750000000000003,1.2158333333333335,,0.0,0.15583333333333335,,0.41499999999999987,24,0.5316666666666667,0.64,0.5875,0.36750000000000005,2.18,0,1200,1.0,0
8,multilen,0.045,50,0.10166666666666667,,0.3833333333333333,0.45,0.3425,0.3575,1.0091666666666665,,0.0,0.11833333333333335,,0.4158333333333333,24,0.4549999999999999,0.54,0.4475,0.37750000000000006,1.8641666666666667,0,1200,1.0,0
9,multilen,0.0225,50,0.04583333333333333,,0.2741666666666666,0.3425,0.34500000000000003,0.135,0.8575000000000003,,0.0,0.07750000000000003,,0.4583333333333333,24,0.31999999999999995,0.4075,0.4125,0.14,1.5700000000000003,0,1200,1.0,0
10,multilen,0.010833333333333334,50,0.0325,,0.20916666666666664,0.2925,0.22500000000000003,0.10999999999999999,0.8091666666666666,,0.0,0.06833333333333334,,0.5408333333333334,24,0.245,0.3425,0.28,0.11249999999999999,1.5791666666666666,0,1200,1.0,0
avg4-10,multilen,0.12535714285714286,,0.22392857142857142,,0.476547619047619,,,,1.5805952380952384,,0.0,0.19297619047619047,,0.7374999999999999,168,0.5463095238095238,,,,3.122738095238095,0,8400,1.0,0
4,trans,0.2916666666666667,50,0.5333333333333333,,0.7375000000000002,0.8575,0.7525,0.6025,2.979999999999999,,0.0,0.45083333333333325,,1.6083333333333334,24,0.8466666666666667,0.9324999999999999,0.8675,0.74,6.881666666666668,0,1200,1.0,0
5,trans,0.20583333333333334,50,0.38416666666666666,,0.6425,0.7600000000000001,0.655,0.5125,2.3141666666666665,,0.0,0.3374999999999999,,1.1324999999999998,24,0.7625000000000001,0.8500000000000001,0.8075000000000001,0.63,4.508333333333334,0,1200,1.0,0
6,trans,0.09833333333333333,50,0.2125,,0.5366666666666667,0.6575,0.5599999999999999,0.39249999999999996,1.6241666666666668,,0.0,0.24749999999999994,,0.7433333333333332,24,0.6266666666666666,0.7749999999999999,0.6675,0.4375,3.289166666666668,0,1200,1.0,0
7,trans,0.04833333333333333,50,0.13083333333333333,,0.42833333333333323,0.5225,0.45249999999999996,0.31000000000000005,1.2325,,0.0,0.14,,0.5083333333333333,24,0.51,0.6475000000000001,0.5375,0.34500000000000003,2.2558333333333334,0,1200,1.0,0
8,trans,0.021666666666666667,50,0.06833333333333333,,0.3966666666666667,0.435,0.3975,0.3575,1.0391666666666668,,0.0,0.12083333333333336,,0.4266666666666666,24,0.4641666666666668,0.5349999999999999,0.485,0.3725,1.8958333333333333,0,1200,1.0,0
9,trans,0.013333333333333334,50,0.029166666666666667,,0.2508333333333333,0.3324999999999999,0.2375,0.1825,0.7083333333333335,,0.0,0.07666666666666667,,0.34166666666666656,24,0.29833333333333334,0.39499999999999996,0.315,0.185,1.3083333333333333,0,1200,1.0,0
10,trans,0.0075,50,0.0125,,0.2116666666666667,0.31500000000000006,0.18,0.14,0.8966666666666665,,0.0,0.06583333333333335,,0.5824999999999999,24,0.2466666666666666,0.355,0.2375,0.1475,1.740833333333333,0,1200,1.0,0
avg4-10,trans,0.09809523809523811,,0.1958333333333333,,0.45773809523809533,,,,1.5421428571428568,,0.0,0.2055952380952381,,0.7633333333333333,168,0.5364285714285715,,,,3.125714285714286,0,8400,1.0,0
