length,stratum,motif,n,exact_pct,orbit_pct,inv_pct,exact_occ_per_piece,orbit_occ_per_piece,inst_emitted_pct,inst_valid_pct_of_emitted,rectus_count_mae,inv_count_mae,mean_notes
4,A,"0,-1,-1,-1",50,98.0,98.0,90.0,9.38,15.18,88.0,75.0,4.96,4.06,93.7
4,A,"0,1,1,-1",50,100.0,100.0,82.0,4.58,14.56,94.0,63.8,2.52,2.6,79.2
4,A,"0,-1,-1,1",50,86.0,100.0,78.0,3.68,14.62,98.0,63.3,3.24,3.02,90.7
4,A,"0,-1,1,1",50,98.0,100.0,82.0,3.98,13.7,92.0,63.0,3.52,2.38,88.9
4,A,"0,1,1,-2",50,86.0,94.0,38.0,3.76,8.32,60.0,23.3,3.68,1.22,88.1
4,A,"0,3,-3,3",50,70.0,74.0,64.0,5.88,10.58,100.0,86.0,4.7,4.32,101.5
4,A,"0,2,-1,-1",50,82.0,98.0,38.0,2.64,6.7,64.0,21.9,2.82,1.22,78.4
4,A,"0,-2,1,1",50,80.0,92.0,48.0,2.4,6.42,72.0,19.4,2.96,1.82,79.0
4,B,"0,-3,3,-3",50,80.0,84.0,82.0,6.68,13.92,100.0,78.0,5.1,5.9,109.5
4,B,"0,-1,-2,2",50,84.0,90.0,34.0,2.56,5.9,58.0,24.1,2.8,1.54,87.2
4,B,"0,-2,-2,2",50,74.0,88.0,62.0,3.1,9.04,70.0,71.4,4.48,1.82,91.4
4,B,"0,2,1,-1",50,74.0,94.0,46.0,2.06,6.16,76.0,28.9,2.48,1.38,70.5
4,B,"0,-1,-1,3",50,86.0,94.0,28.0,2.12,4.04,80.0,32.5,2.42,1.68,69.5
4,B,"0,-2,2,2",50,86.0,88.0,42.0,2.76,8.06,78.0,66.7,2.36,1.98,83.1
4,B,"0,-2,3,-3",50,76.0,84.0,16.0,2.64,5.16,34.0,17.6,2.86,0.8,88.5
4,B,"0,-2,2,-2",50,68.0,78.0,72.0,4.12,7.8,96.0,77.1,3.94,3.22,82.9
4,C,"0,3,-1,1",50,90.0,92.0,6.0,2.78,3.82,34.0,5.9,1.84,0.6,67.1
4,C,"0,-1,-2,1",50,74.0,96.0,44.0,2.34,4.34,84.0,16.7,3.0,2.34,89.8
4,C,"0,3,2,-2",50,84.0,88.0,6.0,1.92,2.7,22.0,0.0,1.78,0.6,59.9
4,C,"0,3,1,-1",50,78.0,80.0,2.0,1.68,2.76,28.0,0.0,2.44,0.44,63.1
4,C,"0,1,3,-3",50,58.0,80.0,26.0,1.14,2.56,66.0,15.2,3.6,1.56,84.4
4,C,"0,2,1,-3",50,72.0,82.0,26.0,1.68,3.04,36.0,5.6,2.18,0.76,67.2
4,C,"0,-3,-3,3",50,48.0,62.0,30.0,1.1,2.94,60.0,13.3,3.78,1.88,101.2
4,C,"0,3,-2,-3",50,36.0,56.0,8.0,1.06,1.86,30.0,0.0,3.58,0.72,79.0
5,A,"0,-1,-1,-1,-1",50,74.0,92.0,52.0,4.46,6.3,58.0,79.3,5.46,2.54,99.3
5,A,"0,1,1,1,1",50,74.0,94.0,66.0,4.22,7.22,72.0,72.2,3.24,3.5,93.9
5,A,"0,-1,1,1,1",50,84.0,96.0,60.0,2.86,8.0,78.0,64.1,2.42,2.32,98.4
5,A,"0,1,-1,-1,-1",50,90.0,96.0,60.0,2.98,7.4,72.0,63.9,1.98,1.48,82.7
5,A,"0,1,1,1,-1",50,88.0,98.0,80.0,2.84,8.66,80.0,45.0,1.86,1.96,127.7
5,A,"0,3,-3,3,-3",50,58.0,64.0,64.0,3.28,6.26,100.0,74.0,4.66,4.02,110.3
5,A,"0,1,1,-1,-1",50,88.0,90.0,70.0,2.82,4.3,92.0,56.5,2.48,1.68,76.7
5,A,"0,-3,3,-3,3",50,70.0,72.0,68.0,5.12,9.48,100.0,74.0,5.82,5.54,113.4
5,B,"0,3,-1,-1,-1",50,86.0,92.0,18.0,1.9,3.2,22.0,36.4,1.78,0.38,65.0
5,B,"0,-1,-1,1,1",50,90.0,96.0,82.0,2.84,5.16,98.0,57.1,2.28,1.76,85.3
5,B,"0,-2,1,1,1",50,80.0,92.0,28.0,2.28,4.68,50.0,48.0,2.42,0.9,74.9
5,B,"0,1,-2,1,-2",50,76.0,86.0,2.0,2.34,4.3,2.0,0.0,3.5,0.12,90.3
5,B,"0,1,-1,-2,-1",50,70.0,86.0,30.0,2.14,4.68,56.0,25.0,2.24,1.24,93.5
5,B,"0,-1,-1,-2,-1",50,78.0,92.0,28.0,2.16,4.3,34.0,23.5,2.32,0.58,96.1
5,B,"0,-2,1,-2,1",50,66.0,78.0,12.0,2.46,5.04,34.0,17.6,3.4,0.84,90.9
5,B,"0,1,-1,1,1",50,72.0,88.0,42.0,1.9,4.56,58.0,31.0,2.4,1.28,82.0
5,C,"0,2,-1,-1,1",50,66.0,78.0,14.0,1.6,2.22,32.0,6.2,2.24,0.58,74.5
5,C,"0,1,1,2,-1",50,74.0,76.0,14.0,1.82,2.36,68.0,5.9,1.62,1.24,74.8
5,C,"0,2,-1,2,-3",50,52.0,68.0,4.0,1.5,2.72,10.0,20.0,2.94,0.2,79.7
5,C,"0,2,2,-1,2",50,60.0,62.0,0.0,1.48,2.28,30.0,6.7,1.52,0.46,69.5
5,C,"0,2,3,-3,1",50,60.0,62.0,0.0,1.6,1.96,16.0,0.0,1.94,0.24,73.8
5,C,"0,3,-3,2,2",50,18.0,28.0,2.0,0.38,0.54,2.0,0.0,3.14,0.14,79.4
5,C,"0,-1,-3,2,-1",50,48.0,50.0,0.0,0.98,1.02,14.0,0.0,2.78,0.16,85.9
5,C,"0,1,2,-1,2",50,48.0,60.0,12.0,0.82,1.52,70.0,11.4,1.94,1.76,76.5
6,A,"0,1,1,1,-1,-1",50,78.0,90.0,56.0,1.78,5.38,80.0,77.5,1.86,1.22,77.6
6,A,"0,-1,-1,-1,-1,-1",50,66.0,78.0,38.0,3.12,4.24,42.0,71.4,3.34,1.26,98.4
6,A,"0,-1,-1,-1,1,1",50,62.0,88.0,54.0,1.66,5.16,76.0,60.5,2.06,1.28,82.5
6,A,"0,1,1,1,1,1",50,76.0,88.0,34.0,3.8,4.78,56.0,71.4,3.8,1.7,98.8
6,A,"0,3,-3,3,-3,3",50,58.0,58.0,54.0,4.0,7.42,98.0,79.6,4.48,4.28,114.0
6,A,"0,1,1,-1,-1,-1",50,86.0,96.0,60.0,2.52,7.34,88.0,50.0,2.34,1.64,86.5
6,A,"0,-1,-1,1,1,1",50,72.0,82.0,60.0,1.68,5.0,84.0,50.0,1.8,1.52,89.9
6,A,"0,-3,3,-3,3,-3",50,64.0,66.0,60.0,3.86,7.98,100.0,86.0,4.16,3.96,122.4
6,B,"0,-1,1,1,-1,-1",50,62.0,78.0,30.0,1.42,3.5,66.0,33.3,2.28,1.34,77.5
6,B,"0,2,-2,3,-3,2",50,74.0,78.0,4.0,3.12,6.52,6.0,33.3,2.48,0.16,111.6
6,B,"0,1,-1,-1,1,1",50,74.0,86.0,56.0,1.86,5.32,78.0,46.2,2.2,1.5,87.3
6,B,"0,-1,-1,-1,2,-1",50,46.0,68.0,6.0,0.82,1.62,26.0,0.0,2.44,0.38,87.0
6,B,"0,-1,-1,-1,3,-1",50,66.0,72.0,10.0,1.42,2.9,26.0,30.8,1.62,0.42,78.9
6,B,"0,1,-1,1,1,1",50,64.0,74.0,6.0,1.32,2.2,40.0,25.0,1.94,0.76,85.1
6,B,"0,-2,-2,2,2,-2",50,80.0,80.0,60.0,2.66,7.9,74.0,73.0,1.72,1.16,104.8
6,B,"0,-2,-1,-1,1,1",50,58.0,68.0,4.0,1.3,1.94,30.0,6.7,1.98,0.44,88.4
6,C,"0,-1,-2,2,1,1",50,62.0,70.0,10.0,1.36,2.36,30.0,13.3,2.0,0.44,88.6
6,C,"0,-2,2,3,-3,3",50,34.0,38.0,0.0,0.54,0.74,2.0,0.0,2.26,0.02,87.8
6,C,"0,-1,2,-2,1,-1",50,40.0,42.0,0.0,0.72,1.18,10.0,0.0,2.28,0.14,74.5
6,C,"0,3,-2,-2,-3,2",50,20.0,24.0,8.0,0.4,0.58,2.0,0.0,2.54,0.18,76.8
6,C,"0,-2,1,-3,2,-3",50,30.0,32.0,2.0,0.5,0.52,0.0,,2.46,0.02,82.6
6,C,"0,2,-2,2,-2,-1",50,48.0,54.0,4.0,1.12,1.48,8.0,0.0,1.54,0.14,74.3
6,C,"0,3,-2,2,1,-1",50,44.0,44.0,0.0,0.8,0.8,0.0,,1.68,0.0,69.0
6,C,"0,3,2,-1,-1,3",50,82.0,82.0,0.0,1.54,1.54,0.0,,0.92,0.0,62.1
7,A,"0,-1,-1,-1,-1,-1,-1",50,56.0,72.0,20.0,2.34,2.84,32.0,68.8,3.46,0.72,101.5
7,A,"0,-1,-1,-1,-1,1,1",50,66.0,82.0,36.0,1.54,3.78,56.0,35.7,1.62,0.86,88.3
7,A,"0,1,1,-1,-1,-1,-1",50,62.0,74.0,34.0,1.24,3.22,60.0,33.3,1.86,0.86,82.6
7,A,"0,3,-3,3,-3,3,-3",50,56.0,60.0,56.0,3.06,5.98,100.0,74.0,3.76,3.28,119.9
7,A,"0,-1,-1,1,1,1,1",50,62.0,80.0,40.0,1.6,3.62,74.0,54.1,1.56,0.72,89.7
7,A,"0,-3,3,-3,3,-3,3",50,52.0,52.0,46.0,5.6,10.14,100.0,64.0,6.32,5.46,137.6
7,A,"0,-1,1,1,1,1,1",50,52.0,62.0,12.0,1.1,1.88,52.0,46.2,1.76,0.9,91.0
7,A,"0,1,1,-1,-1,-1,1",50,50.0,64.0,24.0,1.14,2.88,74.0,40.5,1.76,1.14,85.5
7,B,"0,1,-1,-1,1,-1,-1",50,58.0,62.0,8.0,1.68,3.14,14.0,14.3,2.74,0.24,83.3
7,B,"0,1,-2,1,-2,1,-2",50,42.0,42.0,0.0,1.5,2.86,0.0,,3.6,0.0,97.5
7,B,"0,-1,-1,-1,-1,-1,1",50,44.0,56.0,18.0,0.88,1.8,40.0,40.0,2.46,0.64,100.8
7,B,"0,1,1,1,-1,-1,-1",50,64.0,70.0,52.0,1.66,2.56,68.0,67.6,1.56,1.0,82.4
7,B,"0,1,1,1,1,1,-1",50,68.0,82.0,24.0,1.3,2.44,50.0,44.0,1.36,0.86,86.8
7,B,"0,-1,1,1,1,-1,-1",50,60.0,74.0,28.0,1.42,3.06,76.0,26.3,1.8,1.04,82.3
7,B,"0,1,1,-1,1,1,-1",50,62.0,70.0,10.0,1.48,2.38,38.0,5.3,1.62,0.72,85.2
7,B,"0,-1,1,1,-1,1,1",50,70.0,70.0,4.0,1.68,2.8,32.0,18.8,1.56,0.44,88.5
7,C,"0,-2,-2,-1,-2,2,1",50,50.0,52.0,0.0,0.98,1.14,4.0,0.0,1.68,0.04,93.0
7,C,"0,-1,-3,3,2,-1,-1",50,42.0,44.0,2.0,0.72,0.74,0.0,,1.72,0.02,84.5
7,C,"0,-2,-1,2,-1,-1,-1",50,18.0,22.0,2.0,0.22,0.28,2.0,0.0,2.3,0.04,82.6
7,C,"0,-2,1,-1,2,-2,2",50,58.0,62.0,0.0,1.16,1.38,2.0,0.0,1.4,0.04,105.1
7,C,"0,-1,-1,2,1,1,-1",50,30.0,44.0,10.0,0.56,0.82,34.0,0.0,1.56,0.52,77.2
7,C,"0,-3,2,-3,2,1,2",50,4.0,6.0,0.0,0.06,0.1,0.0,,2.02,0.0,82.2
7,C,"0,1,2,-1,-2,-1,2",50,26.0,26.0,0.0,0.42,0.5,40.0,0.0,1.48,0.58,83.0
7,C,"0,2,1,2,-2,-1,-2",50,36.0,38.0,6.0,0.94,1.02,24.0,16.7,1.84,0.4,81.7
8,A,"0,1,1,1,1,-1,-1,-1",50,70.0,76.0,30.0,1.68,3.84,64.0,50.0,1.28,0.92,89.4
8,A,"0,3,-3,3,-3,3,-3,3",50,52.0,52.0,42.0,3.96,7.22,98.0,57.1,4.7,4.36,125.6
8,A,"0,-3,3,-3,3,-3,3,-3",50,40.0,48.0,46.0,3.06,6.22,100.0,58.0,5.28,4.44,126.0
8,A,"0,-1,-1,-1,-1,-1,-1,-1",50,34.0,36.0,6.0,1.4,1.5,14.0,57.1,3.48,0.26,99.0
8,A,"0,1,1,1,-1,-1,-1,-1",50,54.0,68.0,28.0,1.06,2.96,56.0,53.6,1.48,0.74,90.1
8,A,"0,-1,1,1,1,-1,-1,-1",50,50.0,72.0,14.0,1.14,2.26,56.0,21.4,1.62,0.78,83.8
8,A,"0,1,1,-1,-1,-1,-1,1",50,40.0,50.0,12.0,0.72,1.78,50.0,24.0,1.84,0.72,90.0
8,A,"0,-1,-1,1,1,1,1,1",50,50.0,62.0,6.0,0.8,1.28,38.0,36.8,1.64,0.56,98.6
8,B,"0,-1,-1,1,-1,-1,1,-1",50,28.0,38.0,6.0,0.72,1.72,2.0,100.0,2.6,0.18,90.9
8,B,"0,1,1,-1,-1,-1,-1,-1",50,48.0,58.0,4.0,0.9,1.52,40.0,25.0,1.82,0.6,95.2
8,B,"0,-1,1,1,1,1,1,1",50,56.0,68.0,14.0,1.02,1.84,34.0,23.5,1.74,0.5,100.3
8,B,"0,1,1,-1,-1,1,1,-1",50,50.0,60.0,32.0,1.14,3.74,72.0,25.0,1.6,1.02,85.3
8,B,"0,-1,-1,-1,1,1,1,1",50,64.0,84.0,36.0,1.26,3.52,66.0,57.6,1.58,1.0,90.5
8,B,"0,1,-1,-1,-1,1,-1,-1",50,42.0,50.0,6.0,1.06,1.78,8.0,0.0,1.96,0.2,97.2
8,B,"0,-2,-2,2,2,-2,-2,2",50,74.0,82.0,22.0,2.46,5.54,48.0,41.7,1.64,1.52,101.8
8,B,"0,-1,-1,2,-1,-1,-1,2",50,30.0,36.0,4.0,0.58,1.02,2.0,0.0,2.48,0.1,98.6
8,C,"0,-1,2,-1,-1,-1,1,1",50,30.0,34.0,2.0,0.46,0.66,10.0,0.0,1.94,0.12,81.3
8,C,"0,1,1,-2,-1,-1,-3,3",50,48.0,48.0,0.0,0.9,0.9,0.0,,1.44,0.0,89.3
8,C,"0,1,-2,1,1,-3,-1,1",50,8.0,10.0,2.0,0.16,0.18,0.0,,2.06,0.02,81.2
8,C,"0,1,-3,-2,2,-3,3,-2",50,44.0,44.0,0.0,0.7,0.72,0.0,,1.78,0.0,94.3
8,C,"0,1,2,2,-1,-1,1,1",50,66.0,68.0,0.0,1.14,1.22,4.0,0.0,1.1,0.04,76.1
8,C,"0,2,-1,-2,1,-1,-1,1",50,40.0,40.0,0.0,0.8,0.8,0.0,,1.62,0.0,84.4
8,C,"0,2,-2,1,1,1,-1,-1",50,36.0,38.0,0.0,0.74,0.8,2.0,0.0,1.48,0.02,75.9
8,C,"0,2,-2,1,1,1,-2,1",50,42.0,42.0,0.0,1.0,1.0,2.0,0.0,1.78,0.02,94.8
9,A,"0,3,-3,3,-3,3,-3,3,-3",50,50.0,60.0,56.0,2.32,4.92,98.0,65.3,4.1,3.5,129.9
9,A,"0,-3,3,-3,3,-3,3,-3,3",50,42.0,46.0,28.0,1.24,2.04,100.0,40.0,3.9,3.6,123.8
9,A,"0,1,1,1,-1,-1,-1,1,1",50,58.0,70.0,40.0,1.18,3.36,66.0,33.3,1.48,0.84,81.3
9,A,"0,-1,-1,-1,-1,3,-1,-1,-1",50,32.0,40.0,2.0,0.82,1.56,4.0,0.0,2.04,0.06,86.2
9,A,"0,1,1,1,1,1,-1,-1,-1",50,56.0,64.0,20.0,1.04,1.88,44.0,31.8,1.3,0.58,88.5
9,A,"0,-1,-1,-1,-1,-1,-1,-1,-1",50,20.0,26.0,6.0,0.54,0.62,14.0,14.3,3.38,0.2,100.1
9,A,"0,1,1,1,-1,-1,-1,-1,-1",50,46.0,58.0,10.0,0.84,1.78,44.0,22.7,1.74,0.76,89.4
9,A,"0,1,-1,-1,-1,1,-1,-1,-1",50,26.0,28.0,4.0,0.48,0.66,0.0,,2.32,0.06,95.3
9,B,"0,-1,-1,1,1,1,1,1,-1",50,24.0,30.0,12.0,0.34,0.96,38.0,10.5,1.46,0.48,89.7
9,B,"0,1,-1,-1,-1,-1,1,1,1",50,44.0,54.0,14.0,0.88,1.66,44.0,13.6,1.68,0.52,81.4
9,B,"0,-1,-1,-1,1,1,1,1,-1",50,30.0,38.0,18.0,0.52,1.44,56.0,32.1,1.6,0.74,89.3
9,B,"0,1,-2,1,-2,1,-2,1,-2",50,46.0,48.0,2.0,1.32,2.32,0.0,,2.1,0.04,110.3
9,B,"0,1,-1,-1,1,-1,-1,1,-1",50,34.0,36.0,4.0,0.88,1.66,2.0,0.0,2.64,0.06,101.2
9,B,"0,1,1,-1,-1,-1,-1,-1,-1",50,36.0,44.0,10.0,0.58,1.1,30.0,33.3,1.92,0.48,102.3
9,B,"0,-1,-1,-1,1,1,1,1,1",50,50.0,62.0,24.0,0.96,2.16,44.0,13.6,1.34,0.76,87.6
9,B,"0,-1,1,1,1,-1,1,1,1",50,42.0,46.0,0.0,0.98,1.46,4.0,0.0,1.48,0.04,94.2
9,C,"0,-1,1,1,1,-2,3,-3,3",50,22.0,22.0,0.0,0.38,0.38,0.0,,1.88,0.0,94.1
9,C,"0,-1,-1,-1,1,-3,-1,-1,-1",50,40.0,40.0,0.0,0.72,0.72,0.0,,1.44,0.0,88.4
9,C,"0,-1,-1,-3,3,1,2,3,-1",50,2.0,2.0,0.0,0.06,0.06,0.0,,1.82,0.0,85.8
9,C,"0,-1,1,1,1,3,-1,-1,-1",50,42.0,42.0,0.0,0.82,0.82,2.0,0.0,1.42,0.02,84.5
9,C,"0,-2,-2,2,-3,-2,2,3,-2",50,0.0,0.0,0.0,0.0,0.0,0.0,,1.9,0.0,90.2
9,C,"0,-2,2,-2,2,-2,2,3,-3",50,22.0,22.0,0.0,0.38,0.46,0.0,,1.76,0.0,85.5
9,C,"0,1,-1,-2,3,-2,2,-3,1",50,6.0,6.0,0.0,0.12,0.12,0.0,,1.88,0.0,89.8
9,C,"0,3,-2,-1,2,-1,-1,-1,3",50,8.0,10.0,0.0,0.14,0.16,0.0,,1.66,0.0,74.0
10,A,"0,3,-3,3,-3,3,-3,3,-3,3",50,58.0,58.0,50.0,4.3,7.8,96.0,43.8,4.9,4.8,130.0
10,A,"0,-3,3,-3,3,-3,3,-3,3,-3",50,44.0,50.0,48.0,6.56,13.38,96.0,54.2,7.54,7.64,148.1
10,A,"0,1,1,1,1,1,-1,-1,-1,-1",50,52.0,58.0,10.0,0.96,1.98,44.0,22.7,1.4,0.58,93.3
10,A,"0,-1,-1,-1,-1,-1,1,1,1,1",50,24.0,32.0,8.0,0.42,1.0,46.0,17.4,1.58,0.56,87.1
10,A,"0,1,1,1,-1,-1,-1,-1,1,1",50,42.0,52.0,16.0,0.72,1.74,66.0,18.2,1.34,0.68,85.0
10,A,"0,1,-1,-1,1,-1,-1,1,-1,-1",50,22.0,22.0,0.0,0.86,1.56,0.0,,2.44,0.0,105.1
10,A,"0,-1,-1,-1,1,1,1,1,-1,-1",50,26.0,36.0,22.0,0.66,2.18,58.0,20.7,1.44,0.8,100.9
10,A,"0,1,-1,-1,-1,1,1,-1,-1,-1",50,24.0,24.0,0.0,0.4,0.66,28.0,0.0,1.66,0.34,87.3
10,B,"0,-1,-1,-1,-1,1,1,-1,-1,-1",50,16.0,16.0,0.0,0.22,0.36,20.0,0.0,1.56,0.2,82.3
10,B,"0,1,1,-1,-1,-1,-1,1,1,1",50,28.0,42.0,16.0,0.5,1.16,50.0,24.0,1.54,0.78,86.3
10,B,"0,-1,1,1,1,1,-1,-1,-1,-1",50,32.0,38.0,6.0,0.54,1.16,46.0,13.0,1.68,0.74,84.8
10,B,"0,-1,-1,-1,1,-1,-1,-1,1,-1",50,12.0,16.0,2.0,0.2,0.58,4.0,0.0,2.14,0.12,91.6
10,B,"0,-1,-1,-1,1,1,1,1,1,-1",50,14.0,14.0,0.0,0.18,0.26,38.0,15.8,1.82,0.42,91.9
10,B,"0,-1,-1,1,1,-1,-1,1,1,-1",50,18.0,30.0,18.0,0.28,1.24,52.0,26.9,1.68,0.88,78.1
10,B,"0,-2,-2,3,-2,-2,3,-2,-2,3",50,36.0,42.0,2.0,0.94,1.84,0.0,,2.48,0.08,87.8
10,B,"0,1,1,-1,-1,-1,1,1,-1,-1",50,30.0,36.0,4.0,0.44,0.66,34.0,0.0,1.62,0.5,81.8
10,C,"0,-1,-1,1,-2,1,-2,1,1,1",50,32.0,32.0,0.0,0.64,0.64,0.0,,1.46,0.0,87.3
10,C,"0,1,1,-2,-2,1,1,1,1,-2",50,36.0,36.0,0.0,0.68,0.92,0.0,,1.62,0.0,88.3
10,C,"0,2,1,-1,-2,2,1,-1,1,-1",50,6.0,6.0,0.0,0.08,0.08,0.0,,1.7,0.0,81.8
10,C,"0,-1,1,1,-1,-1,-2,1,1,-2",50,6.0,6.0,0.0,0.08,0.08,0.0,,2.02,0.0,84.8
10,C,"0,-2,-1,-1,3,-1,-1,-2,-1,-1",50,4.0,4.0,0.0,0.1,0.1,0.0,,2.22,0.0,93.4
10,C,"0,1,1,-2,2,1,-2,2,1,1",50,24.0,24.0,0.0,0.42,0.42,0.0,,1.46,0.0,88.4
10,C,"0,1,1,-3,3,1,1,-2,1,-1",50,8.0,8.0,0.0,0.16,0.16,0.0,,1.76,0.0,86.1
10,C,"0,1,2,2,-1,-1,1,1,1,1",50,24.0,26.0,0.0,0.36,0.38,2.0,0.0,1.52,0.02,82.8
